{
  "timestamp": "2026-03-07T16:59:45.105923",
  "races": 500,
  "stats": {
    "ARB": {
      "count": 2304,
      "wins": 2304,
      "total_r": 114.62510451644778
    },
    "STEAM": {
      "count": 143,
      "wins": 83,
      "total_r": -0.5949266994505945
    },
    "VALUE": {
      "count": 587,
      "wins": 104,
      "total_r": 11.914391469367644
    }
  },
  "total_trades": 3034,
  "total_r": 125.94456928636482,
  "avg_r_per_trade": 0.041511064365973904
}