{
  "timestamp": "2026-03-09T06:24:40.537594",
  "races": 500,
  "stats": {
    "ARB": {
      "count": 2366,
      "wins": 2366,
      "total_r": 118.21173617100528
    },
    "STEAM": {
      "count": 159,
      "wins": 96,
      "total_r": -0.566457381137411
    },
    "VALUE": {
      "count": 612,
      "wins": 113,
      "total_r": 63.43229232757258
    }
  },
  "total_trades": 3137,
  "total_r": 181.07757111744047,
  "avg_r_per_trade": 0.057723165800905474
}