{
  "timestamp": "2026-03-04T19:40:58.411526",
  "total_ancestors": 103,
  "quartile_scores": {
    "q1": 0.48,
    "q2": 0.36,
    "q3": 0.0,
    "q4": 0.8928571428571429
  },
  "trend": 0.4128571428571429,
  "increasing": true
}