{
  "timestamp": "2026-03-04T21:19:22.191183",
  "total_ancestors": 118,
  "quartile_scores": {
    "q1": 0.41379310344827586,
    "q2": 0.3103448275862069,
    "q3": 0.1724137931034483,
    "q4": 1.7419354838709677
  },
  "trend": 1.328142380422692,
  "increasing": true
}