{
  "timestamp": "2026-03-04T19:42:51.408968",
  "total_ancestors": 103,
  "metrics": {
    "pattern_improvement": 34.10518053375197,
    "consciousness_trend": 0.2514285714285714,
    "complexity_change": 143.09923560502583,
    "success_rate": 98.07692307692307
  },
  "proofs_passed": 4,
  "conclusion": "IMPROVING"
}