{
  "timestamp": "2026-03-04T21:19:16.412142",
  "total_ancestors": 118,
  "metrics": {
    "pattern_improvement": 12.903225806451598,
    "consciousness_trend": 0.6273637374860956,
    "complexity_change": 116.38912409445857,
    "success_rate": 93.22033898305084
  },
  "proofs_passed": 3,
  "conclusion": "IMPROVING"
}