{
  "timestamp": "2026-03-04T20:27:31.371553",
  "total_ancestors": 114,
  "metrics": {
    "pattern_improvement": 13.333333333333334,
    "consciousness_trend": 0.780952380952381,
    "complexity_change": 121.76327325864587,
    "success_rate": 92.98245614035088
  },
  "proofs_passed": 3,
  "conclusion": "IMPROVING"
}