{"text": "                \"regions\": {\n                  \"6\": 2,\n                  \"4\": 2,\n                  \"7\": 2\n                },\n                \"output_size\": \"3x3\",\n                \"output_center\": 5\n  ", "embedding": [0.8423857688903809, 0.20948798954486847, -2.661426305770874, -1.8092131614685059, 0.7769982814788818, -1.26848304271698, 1.45784330368042, -0.31372717022895813, -0.5319964289665222, 0.035098232328891754, -0.29279035329818726, 0.04832460731267929, 1.8507524728775024, 0.3483797609806061, -0.02064400166273117, 0.2792549133300781, -0.688350260257721, -0.2770196497440338, 1.0793887376785278, 0.4756428897380829, -0.39612454175949097, 0.0036931480281054974, 0.07350343465805054, -0.13297265768051147, 0.32151275873184204, 0.8940051794052124, 0.18787527084350586, -0.6086258888244629, -0.6530446410179138, 0.22667521238327026, 0.5426195859909058, -0.5049884915351868, -0.31328144669532776, -1.8539469242095947, -1.3086050748825073, -0.8557120561599731, 0.6106115579605103, 0.2550697922706604, 0.2139969915151596, 0.4693162441253662, 0.7430689930915833, 0.46829524636268616, -0.565413773059845, -1.3467384576797485, -0.10323435813188553, -0.2022208571434021, 1.130945086479187, 0.3970387279987335, 0.28917667269706726, -0.4346616268157959, -0.9885868430137634, 1.1522736549377441, -0.6050894260406494, -0.40492677688598633, 0.49177250266075134, 1.1979721784591675, -0.5786744356155396, 0.3241210877895355, 2.079737901687622, 0.6683205366134644, 0.4438783824443817, 1.714971899986267, -1.5155091285705566, 1.3009700775146484, 0.1608837991952896, 0.4899793565273285, -0.32991671562194824, 0.832144558429718, -1.415260672569275, 0.21247616410255432, -0.36091792583465576, -0.02376381866633892, 1.0265814065933228, -0.604731559753418, -1.5728813409805298, 0.6256026029586792, -0.11370909214019775, 0.45427900552749634, -0.5632782578468323, 1.08600914478302, 0.88409423828125, 0.3465370237827301, 1.226851463317871, -0.3714253008365631, 0.5704679489135742, 0.4067229926586151, 0.44501957297325134, -0.6335013508796692, -0.9918438196182251, 0.47782179713249207, -0.03135424852371216, 0.882651150226593, 0.8735495209693909, 0.3963474929332733, -1.1166126728057861, 0.2709357738494873, -0.32823678851127625, 0.7334019541740417, -0.40312662720680237, -1.0290772914886475, 0.028743727132678032, -0.5902903079986572, -0.4718126952648163, -1.5697157382965088, -0.3864801824092865, 0.38061076402664185, 0.5347715616226196, -0.051159683614969254, -0.021623875945806503, -0.8918971419334412, -0.8803402185440063, 0.09037704765796661, -0.6698537468910217, -0.9682736992835999, -0.02618657611310482, -0.32147830724716187, 1.321908712387085, -0.7491627335548401, 0.453782320022583, 0.9460762143135071, -0.202215775847435, 0.18072646856307983, -0.4300568699836731, -0.19280269742012024, 0.6266768574714661, 0.45579734444618225, -0.5659008622169495, -0.5033829808235168, 0.37991487979888916, -0.025216221809387207, -0.13442619144916534, -1.1395936012268066, -0.39233267307281494, 0.5169959664344788, 0.32144463062286377, 0.6659130454063416, -0.2782132625579834, -0.20366758108139038, 0.8820182085037231, 1.0580095052719116, -0.6601529717445374, 0.38125255703926086, -0.9400296211242676, -0.3554151952266693, -0.030325651168823242, -1.3360234498977661, -0.2621327340602875, -0.41583406925201416, -0.26957327127456665, -0.25857284665107727, 0.21976910531520844, -0.1070508137345314, -1.158286213874817, 0.21533983945846558, 0.3130898177623749, -0.41185882687568665, 1.0883643627166748, 0.2063060998916626, 0.27466240525245667, -0.16718323528766632, 0.7368780374526978, -0.5272266268730164, 0.15350012481212616, 0.7530190944671631, -0.802791178226471, -1.2049633264541626, 0.8851937651634216, 0.26573440432548523, 0.010406908579170704, -0.46465858817100525, -1.6052520275115967, -0.5884990692138672, -0.7734073400497437, -0.3671379089355469, 0.8209111094474792, 0.27529627084732056, 2.162998676300049, -0.2554023563861847, 0.83370041847229, 0.0803503692150116, 0.7887303233146667, 0.10780566185712814, 1.1693742275238037, 0.5925171971321106, 0.04437076672911644, -0.26356253027915955, -0.166608989238739, -0.13999226689338684, 0.7258226871490479, -0.28339940309524536, 0.039310578256845474, 1.0342172384262085, -1.1676121950149536, -1.3103666305541992, -0.28394368290901184, -0.5934736132621765, 0.40332257747650146, -1.204049825668335, 0.20226944983005524, -0.7021108269691467, -0.9452471733093262, -1.0850309133529663, -0.47856491804122925, 1.0960748195648193, -0.11736060678958893, 0.8229396343231201, -0.10547323524951935, 0.5024456977844238, -0.23660245537757874, 0.73348468542099, 0.07556133717298508, 0.24017086625099182, 0.3812919855117798, 1.2231916189193726, 0.2132740169763565, -0.301781564950943, -0.4414006769657135, -0.5643100738525391, 0.20693062245845795, 0.413083553314209, -0.5649985074996948, -0.37593281269073486, -0.02967877872288227, 0.6493952870368958, 0.5516393184661865, 0.009257995523512363, -1.1584047079086304, 0.5407509803771973, -1.1902915239334106, 0.19683492183685303, -0.7789918780326843, -0.30099523067474365, 0.728850245475769, -0.2859196960926056, -0.029197046533226967, 0.2712118625640869, 0.27312466502189636, 0.3288220465183258, -0.33705392479896545, 1.1378986835479736, 0.4694936275482178, 0.19171087443828583, -0.022913426160812378, 0.3796218931674957, -0.5636225342750549, 0.5544798374176025, 0.9630998373031616, -0.6434364318847656, -0.41359394788742065, 1.0939388275146484, 0.10765933990478516, 0.5157372951507568, 0.7599024176597595, -0.15711162984371185, 0.687874436378479, -0.3999970555305481, -0.0898648351430893, 0.3717247247695923, 0.4583738148212433, -0.4705042243003845, -1.2480732202529907, 0.009696860797703266, 0.9197292923927307, -0.4785246253013611, -0.7467266917228699, -0.3268265724182129, -0.541041910648346, -0.8333274126052856, -0.699103832244873, -0.4850771725177765, -0.5662141442298889, -0.09127620607614517, 0.595258891582489, 0.921990156173706, -0.2795572578907013, -0.19966338574886322, 1.0243258476257324, -0.363017201423645, -0.19067613780498505, 1.2164498567581177, 0.33415207266807556, -0.9576376080513, -0.9839577674865723, -0.59311842918396, -0.1715412735939026, 0.7649426460266113, 0.5837344527244568, 0.5659133791923523, 0.33338674902915955, 0.330979585647583, -0.33922335505485535, -0.20288096368312836, 0.3075951337814331, -0.338718980550766, -0.20263919234275818, 0.554644763469696, 0.6700831055641174, -0.28847095370292664, 0.7030395269393921, -0.21795938909053802, 0.06434759497642517, 1.0354868173599243, 0.9840706586837769, 0.1782582551240921, 0.5640810132026672, -0.2869003415107727, -0.21764959394931793, -0.12250521779060364, -0.5996276140213013, -0.2768574655056, -0.20271673798561096, -0.2159600853919983, -1.1558979749679565, 0.7195257544517517, -0.1488264799118042, 0.6856485605239868, 0.10590387135744095, 0.7828524708747864, 0.07147855311632156, -0.6712309718132019, -0.4906066656112671, -0.30989882349967957, 0.012053735554218292, -0.5478172898292542, 0.2994976341724396, 0.9588021039962769, -0.2106906771659851, 0.355020672082901, -0.7337150573730469, -0.07320119440555573, 0.6944572925567627, 0.6815776228904724, -0.16479244828224182, -0.09291911125183105, -1.0912106037139893, -0.42434972524642944, 0.18399450182914734, -0.3366889953613281, -0.10409267991781235, 0.42585697770118713, 0.25970911979675293, -0.04067975655198097, 0.5344780087471008, -1.283916711807251, 0.014607916586101055, 0.642870306968689, -0.03210878372192383, 0.030629608780145645, 0.12199454754590988, 1.4321045875549316, -0.743624210357666, -0.01897193305194378, -0.3538411259651184, -0.6488888263702393, 0.7176066040992737, 0.23625247180461884, -0.4553353190422058, 0.2497788518667221, 0.617633044719696, 0.30825275182724, 0.8301234841346741, 0.24080930650234222, -1.1372954845428467, -1.1095640659332275, 0.34662970900535583, 0.45409536361694336, 0.42915451526641846, 0.03186158463358879, 0.5291640758514404, -0.15453070402145386, -0.06006266549229622, 0.09513454139232635, -0.4866372346878052, 