{"text": "{\"train\": [{\"input\": [[7, 9], [4, 3]], \"output\": [[7, 9, 7, 9, 7, 9], [4, 3, 4, 3, 4, 3], [9, 7, 9, 7, 9, 7], [3, 4, 3, 4, 3, 4], [7, 9, 7, 9, 7, 9], [4, 3, 4, 3, 4, 3]]}, {\"input\": [[8, 6], [6, 4]], ", "embedding": [-1.4353965520858765, 0.6809943318367004, -3.9912760257720947, -1.5754826068878174, 1.4392369985580444, -1.386669635772705, 1.225695252418518, 0.22308683395385742, -1.3601211309432983, -1.1782351732254028, -1.51760995388031, 1.0306538343429565, 1.666042685508728, -0.07984417676925659, 0.07555210590362549, -0.906295120716095, 0.7724255323410034, -1.4955575466156006, 1.333965539932251, 0.8857585787773132, 1.0951367616653442, 0.3801158666610718, 0.2561105787754059, -0.34222716093063354, 1.6728391647338867, 0.41607776284217834, -0.6008720397949219, 0.3695502281188965, -1.1811292171478271, 0.6527419090270996, 1.0820599794387817, -0.5592522025108337, 0.7890413403511047, -1.7519299983978271, -2.4752867221832275, -0.39207977056503296, 1.0496357679367065, -0.4162830710411072, 0.6051785945892334, -0.4817622900009155, 0.9134899377822876, -0.4198285639286041, -0.5144109129905701, -0.2984885275363922, 1.0010877847671509, -1.2314496040344238, 0.7451833486557007, -0.05300349369645119, -0.2756108343601227, -0.4547334909439087, -0.4644520580768585, -0.5304062962532043, -0.3136390149593353, -1.0893800258636475, 2.1107606887817383, 1.2505794763565063, -0.9865114688873291, -0.2844478189945221, 0.9252763986587524, -0.1572899967432022, 0.2661779820919037, 0.8927592039108276, -1.5410343408584595, 1.1137539148330688, 1.0439475774765015, -0.4197947680950165, 0.28127428889274597, 0.5529597401618958, -0.4002534747123718, 1.003053903579712, 0.8605657815933228, -0.43369626998901367, 0.5413500070571899, -0.647735059261322, -0.6175738573074341, -0.13207845389842987, -0.38705021142959595, 0.04108978062868118, -1.1161861419677734, 0.4661957323551178, 0.5712493658065796, -1.2897013425827026, 0.349213570356369, -0.1100129634141922, 1.0647650957107544, -0.9657537341117859, 0.06023383140563965, -0.772826611995697, -1.631706953048706, 0.9972042441368103, -0.06705956161022186, 0.3371225893497467, 0.7364729046821594, 0.7683827877044678, -0.6372981071472168, -0.772670567035675, -0.6390938758850098, 0.38474833965301514, 0.7606109976768494, -0.6339616179466248, 0.08161810785531998, 0.36365145444869995, -0.3164869546890259, -2.257352828979492, 0.7564769983291626, 0.25133317708969116, 0.2508889436721802, -0.5173913836479187, -0.05322003737092018, -1.2490466833114624, -0.9451025724411011, 0.41124099493026733, -0.5181524157524109, -1.1182373762130737, -0.07935068011283875, -0.4970749616622925, -0.3376711308956146, -0.9323310256004333, -0.18912377953529358, 0.4234687387943268, 0.14183977246284485, -0.07359491288661957, -1.3193227052688599, 0.03839736431837082, 0.839568555355072, 0.2987091839313507, -0.7830019593238831, 1.2058706283569336, 0.31845465302467346, 0.18237857520580292, 0.29340341687202454, -0.5368677377700806, -0.8857584595680237, -0.14558899402618408, 1.2761001586914062, 0.6793986558914185, -0.8915290236473083, -0.9530968070030212, 0.08263800293207169, 0.34297269582748413, 0.442740797996521, -0.038585443049669266, -1.3536816835403442, -1.3453129529953003, 1.0568852424621582, 0.16130419075489044, 0.1565863937139511, -0.3361361026763916, -0.8473713397979736, -0.1096998006105423, 0.1808607429265976, 0.7407621741294861, 0.3456836938858032, 0.7868396639823914, 1.1023720502853394, -0.6197388768196106, 1.5709407329559326, -0.05910810828208923, 0.36791881918907166, 0.32632166147232056, 1.7518607378005981, -1.4596236944198608, -0.5324695706367493, 0.8143038153648376, -0.5124185085296631, -0.267825186252594, 0.6477675437927246, 0.6505167484283447, 0.6809776425361633, 1.3717116117477417, -1.459539532661438, -1.3933916091918945, -0.5613968372344971, -0.37261122465133667, -1.0134528875350952, 0.6138401627540588, 1.2022680044174194, -0.9785606265068054, 0.12124501168727875, -0.470758855342865, 0.6142889261245728, -1.0820021629333496, 1.4931281805038452, -0.11779670417308807, -0.14769406616687775, -0.4097333252429962, -0.4480730891227722, -0.4752255976200104, -0.7429771423339844, -0.8048281669616699, -0.2702391743659973, 0.41464030742645264, -0.8244093656539917, -0.23655658960342407, -0.46698692440986633, -0.9753414392471313, 0.9649064540863037, -0.7565048336982727, 1.1345223188400269, -0.7714224457740784, -0.6484819054603577, -1.1393088102340698, -0.43400242924690247, 0.5190009474754333, -0.7157995700836182, -0.11775408685207367, -0.12238124012947083, 1.0633878707885742, -0.3219965100288391, 0.2650267481803894, 1.0513113737106323, 0.33690837025642395, 0.9183382987976074, 0.7085008025169373, -0.3211669623851776, -1.4190301895141602, 0.7401072382926941, -1.3733018636703491, 0.10775859653949738, 0.26937979459762573, 0.8493306636810303, -0.9796886444091797, 0.44180572032928467, 0.1790163218975067, -0.6847547888755798, -0.31507447361946106, -0.37460941076278687, 0.013496733270585537, -1.6587762832641602, 0.3695390224456787, -0.47554707527160645, -0.26757577061653137, 0.6657326817512512, 0.029738038778305054, 0.5052053332328796, 0.24972297251224518, 0.05905598774552345, 0.7602157592773438, -0.8146069645881653, 0.45850256085395813, 0.16379253566265106, 0.6054645776748657, -0.20826318860054016, -0.18357136845588684, -0.9337775707244873, -0.1419176459312439, 0.41343915462493896, -0.2850966155529022, 0.10118142515420914, 0.47754329442977905, -0.8112264275550842, 0.7194133996963501, -0.12206131964921951, 1.4571912288665771, 1.1137182712554932, -1.1228975057601929, 0.17353589832782745, -0.29812338948249817, -0.14284293353557587, -0.770491898059845, 0.013810637407004833, 0.059622716158628464, 0.04486868903040886, 0.18234358727931976, -1.3438524007797241, -1.8119733333587646, 0.5367595553398132, 0.024823898449540138, -0.19997085630893707, -0.7031596302986145, -1.3416975736618042, -0.19105060398578644, 0.9385815858840942, 0.7864872813224792, 0.22837099432945251, -0.13537655770778656, 0.24612270295619965, 0.09675545245409012, 0.3635023832321167, 0.6859066486358643, 0.06526053696870804, -0.3840070068836212, -0.6655747890472412, -0.1289977878332138, 0.2941039502620697, -0.9987191557884216, 0.8455780744552612, -0.0983518436551094, 0.4224282205104828, 0.36231091618537903, 0.8509212136268616, 1.2283728122711182, 0.6616334915161133, 0.5319093465805054, 0.1883159726858139, 0.04704217612743378, 0.7763078212738037, -0.5118514895439148, 0.05496383458375931, 0.17101144790649414, -0.7211548089981079, 0.2552703320980072, 1.4815198183059692, 0.003101641545072198, 0.005287380889058113, -0.5698251128196716, 0.05471286550164223, -0.29259082674980164, 0.6123766303062439, 0.3604529798030853, 0.11857981979846954, -0.1536346822977066, -0.8167344331741333, -0.1478268951177597, -0.30723637342453003, 0.15656958520412445, 0.9458185434341431, 0.4423670768737793, 0.7130221128463745, -0.15296973288059235, -0.30605611205101013, -1.2587932348251343, 0.04038215056061745, -0.6920337677001953, 0.02850673720240593, 0.6840820908546448, 0.5296908020973206, -0.046533893793821335, -0.49042266607284546, 0.3128255009651184, 0.7936054468154907, 1.048170566558838, 0.005817965604364872, -0.4370352625846863, -0.3469230532646179, -0.022936630994081497, 0.46898406744003296, -0.14542841911315918, -0.5552888512611389, 0.9884855151176453, -0.33935579657554626, 0.01730453409254551, 0.5174525380134583, -0.5003913044929504, -0.013926323503255844, 0.7995855808258057, -0.025173211470246315, -0.6862437725067139, -0.054358430206775665, 0.3903893530368805, -0.7063234448432922, 0.33790430426597595, 1.2342422008514404, 0.19996395707130432, 0.7647416591644287, -0.06833173334598541, -0.003619258990511298, 0.057532329112291336, 0.47418347001075745, 1.2953650951385498, 0.3744732439517975, 0.13464820384979248, -0.5177133083343506, -0.24870829284191132, -0.2209831327199936, -0.14670056104660034, 0.13591894507408142, 0.3209232687950134, 0.9688921570777893, -0.002332483185455203, -0.4988335967063904, 0.15876956284046173, -0.030564147979021072, 