{"text": "{\"train\": [{\"input\": [[0, 0, 0, 0, 0, 0, 0], [0, 0, 0, 0, 0, 0, 0], [0, 0, 0, 0, 0, 0, 1], [0, 0, 0, 0, 0, 1, 2], [0, 0, 0, 0, 1, 2, 4], [0, 0, 0, 1, 2, 4, 0], [0, 0, 1, 2, 4, 0, 0]], \"output\": [[2, 4", "embedding": [-1.4624298810958862, 0.35671132802963257, -3.7459487915039062, -1.523908019065857, 1.3789749145507812, -1.0221585035324097, 1.05051589012146, 0.7669970989227295, -1.9505641460418701, -1.6370720863342285, -1.5316249132156372, 1.5022011995315552, 0.8481580018997192, 0.5752297639846802, 0.39474132657051086, -0.4682183563709259, 0.898800253868103, -1.4401044845581055, 1.1246942281723022, 0.6613503098487854, 1.0037710666656494, 0.602313220500946, 0.5874234437942505, -0.3008538484573364, 1.4503769874572754, 0.6622143983840942, -0.6729510426521301, 0.03025740198791027, -1.5626802444458008, 0.5974741578102112, 0.5679318904876709, -0.8357935547828674, 0.4235493242740631, -0.9966813325881958, -1.8477489948272705, -0.35109761357307434, 0.8816001415252686, -0.6816220283508301, 0.6929819583892822, 0.16379395127296448, 0.895197331905365, -0.6328727006912231, -0.5684146285057068, -0.5288762450218201, 0.47733137011528015, -1.1981595754623413, 1.3525912761688232, -0.12874877452850342, -0.5098440647125244, -0.10281608253717422, -0.509671151638031, -0.10677696764469147, -0.8777797222137451, -1.6703895330429077, 1.8474247455596924, 0.9229519367218018, -0.9347890019416809, 0.1486128568649292, 0.6200589537620544, -0.46722865104675293, 0.28734666109085083, 0.6173865795135498, -1.2968995571136475, 1.3293395042419434, 1.2043123245239258, 0.3804394602775574, -0.24760062992572784, 0.938025712966919, -0.5122586488723755, 0.7298189401626587, 1.0789170265197754, -0.17017732560634613, -0.10298678278923035, -0.4248555898666382, -0.19921645522117615, 0.17387333512306213, -0.13759486377239227, 0.17092537879943848, -0.8208151459693909, 0.13306504487991333, 0.13070520758628845, -1.0841844081878662, 0.4178636074066162, -0.014293672516942024, 0.8398944735527039, -0.7088901996612549, -0.36502471566200256, -1.0166425704956055, -2.066349744796753, 0.7372016310691833, 0.09055141359567642, 0.5030736327171326, 0.8745077848434448, 0.39068877696990967, -0.18348108232021332, -0.8375574946403503, -0.8719918131828308, -0.31204915046691895, 0.861264169216156, -0.8746128678321838, -0.1301683932542801, -0.031374163925647736, -0.4243816137313843, -1.9016388654708862, 1.0084060430526733, 0.4478473663330078, 0.4299737215042114, -0.25002163648605347, -0.13440485298633575, -1.3330557346343994, -0.6676025986671448, 0.126630961894989, -0.3713511824607849, -0.7965973019599915, 0.441170334815979, -0.6261143684387207, -0.38304826617240906, -1.09171462059021, -0.6352823972702026, 0.1599159985780716, 0.3020274043083191, -0.2173556685447693, -1.133090853691101, 0.16578254103660583, 1.2242578268051147, -0.0776497945189476, -0.601665735244751, 0.8256250619888306, 0.0760621502995491, -0.03688039630651474, 0.3379030227661133, -0.19383159279823303, -0.7658469080924988, 0.03646097332239151, 0.8431879281997681, 1.0797337293624878, -0.9802201986312866, -1.7038350105285645, 0.520180344581604, 0.04223154857754707, 0.9014560580253601, 0.06999378651380539, -1.1694211959838867, -1.5352877378463745, 0.738589882850647, 0.20164106786251068, 0.38086941838264465, -0.34350669384002686, -0.9555357694625854, -0.45247384905815125, 0.15985463559627533, 0.8341909050941467, 0.12125089764595032, 1.0027191638946533, 1.136565923690796, -0.6295465230941772, 1.888425350189209, -0.2440844625234604, 0.3059726059436798, 0.427150160074234, 1.7813630104064941, -1.3521219491958618, -0.7825764417648315, 1.0137790441513062, -0.20695173740386963, -0.43720656633377075, 0.42285606265068054, 0.5209457278251648, 0.9699519276618958, 1.7382277250289917, -1.1535580158233643, -1.0686968564987183, -0.8521917462348938, -0.12785330414772034, -1.237210988998413, 0.9866979718208313, 1.6011396646499634, -0.5909390449523926, 0.5684635043144226, -0.6725585460662842, 0.8734565377235413, -1.080478549003601, 1.4007328748703003, -0.5464407205581665, -0.4710161089897156, -0.45585304498672485, -0.7216724753379822, -0.19580793380737305, -0.9948672652244568, -1.199925422668457, -0.370919793844223, 0.017163246870040894, -0.7498196363449097, -0.19476541876792908, -0.7027987837791443, -0.6385377049446106, 0.8294934630393982, -1.1268056631088257, 0.8277623057365417, -0.9965284466743469, -0.148964986205101, -0.8532835841178894, -0.22109454870224, 0.4565509855747223, -0.8297251462936401, -0.8563680648803711, 0.16192516684532166, 1.2720067501068115, -0.9403184652328491, 0.610919177532196, 0.8960809111595154, 0.5623199343681335, 1.1923778057098389, 0.7239288091659546, -0.4964848756790161, -1.3309191465377808, 0.9304521679878235, -1.4550317525863647, 0.41773584485054016, 0.30844318866729736, 1.008455514907837, -0.5966139435768127, 0.9420901536941528, 0.1272742748260498, -0.2635958194732666, -0.2842865586280823, -0.06043241545557976, -0.6711494326591492, -1.2320935726165771, 0.3378364145755768, -0.33831778168678284, -0.39723238348960876, 1.1920863389968872, -0.03067316673696041, 0.2820364534854889, -0.4460887312889099, 0.11584068834781647, 1.076606035232544, -1.228687047958374, 0.028101995587348938, 0.07277223467826843, 1.0694938898086548, -0.252593457698822, -0.536828339099884, -1.0161131620407104, -0.017248963937163353, 0.16432702541351318, -0.08915688097476959, 0.663762629032135, 0.19883087277412415, -0.4066275358200073, 0.4371856153011322, 0.6643560528755188, 1.6223465204238892, 0.6505917310714722, -1.7793807983398438, -0.3688575327396393, -0.15543314814567566, -0.04450463876128197, -0.9988243579864502, 0.18591836094856262, 0.43638962507247925, -0.3818430006504059, 0.19689355790615082, -1.1657651662826538, -1.783941388130188, 0.4931934177875519, -0.135275200009346, 0.395115464925766, -0.648086667060852, -1.3862905502319336, -0.29258981347084045, 0.4793085753917694, 0.6982899308204651, 0.13192890584468842, 0.07970907539129257, -0.010333576239645481, 0.11929187178611755, 0.22923357784748077, 0.5238737463951111, 0.7864336967468262, -0.42939820885658264, -0.6669715046882629, -0.5292893052101135, 0.5115919709205627, -1.0320560932159424, 0.8688441514968872, 0.29672420024871826, 0.5433234572410583, 0.18355290591716766, 0.4983271062374115, 1.1706509590148926, 0.8063418865203857, 0.4049878716468811, 0.33525267243385315, 0.3692737817764282, 0.6115365028381348, 0.1316102296113968, -0.2819402515888214, 0.14030027389526367, -0.9360623955726624, 0.35496389865875244, 1.2117950916290283, -0.3500049412250519, -0.48282650113105774, -0.5059745907783508, 0.3643374741077423, -0.17314793169498444, 0.2244442254304886, 0.3900863528251648, -0.018874041736125946, -0.2984282076358795, -0.811500072479248, 0.019952118396759033, -0.1963229924440384, 0.4582348167896271, 0.7542253732681274, 0.1688109189271927, 0.5074285268783569, -0.028467144817113876, 0.21496765315532684, -1.1355061531066895, -0.34193459153175354, -0.34719744324684143, 0.08860993385314941, 1.1598021984100342, 0.6076415777206421, 0.0631178691983223, -0.030310723930597305, 0.42707741260528564, 1.2252739667892456, 1.1129446029663086, 0.07310021668672562, -0.6429314613342285, -0.08842909336090088, -0.20628564059734344, 0.24000541865825653, -0.025022178888320923, -0.5258038640022278, 0.6982632875442505, -0.8454236388206482, -0.16651339828968048, 0.4268749952316284, -0.22615791857242584, -0.011257278732955456, -0.21016690135002136, 0.09344173967838287, -0.6523110270500183, 0.38091593980789185, 0.43452388048171997, -0.3297927677631378, 0.7568524479866028, 1.175907015800476, -0.06323873996734619, 0.032549384981393814, -0.1646529585123062, -0.284704327583313, 0.09751667082309723, 0.3259366452693939, 1.405606985092163, 0.0663379654288292, 0.11247611045837402, -0.20007549226284027, 0.41833949089050293, 0.09871596097946167, 0.03944865241646767, 0.6861131191253662, 0.422378808259964, 0.8145730495452881, -0.05696292221546173, -0.03984985128045082, -0.014700038358569145, -0.02303418144583702, -0.42440739274024963, 