{"text": "{\"train\": [{\"input\": [[0, 0, 0, 0, 0, 0, 0, 0, 0], [0, 0, 0, 0, 0, 0, 0, 5, 0], [0, 0, 0, 0, 0, 0, 0, 5, 0], [0, 0, 0, 0, 0, 0, 0, 5, 0], [0, 0, 0, 5, 0, 0, 0, 5, 0], [0, 0, 0, 5, 0, 5, 0, 5, 0], [0, ", "embedding": [-1.0532269477844238, 0.22590117156505585, -3.726140260696411, -1.6227128505706787, 1.4855318069458008, -0.983616054058075, 1.1997030973434448, 0.8417233228683472, -1.9100581407546997, -1.7429627180099487, -1.6655155420303345, 1.3733989000320435, 0.8312965631484985, 0.6409963369369507, 0.24976976215839386, -0.3484647572040558, 0.9007279276847839, -1.3003302812576294, 1.0930118560791016, 0.7397729158401489, 1.0564532279968262, 0.5574471354484558, 0.5861514210700989, -0.3025825321674347, 1.1161563396453857, 0.5385323166847229, -0.5995593070983887, -0.06385597586631775, -1.5506963729858398, 0.5415550470352173, 0.5371928811073303, -0.8141219615936279, 0.20948028564453125, -0.9857393503189087, -1.8326854705810547, -0.37715908885002136, 0.8907716870307922, -0.5522449016571045, 0.7524101138114929, 0.08287573605775833, 1.0189670324325562, -0.4704380929470062, -0.3139066994190216, -0.703194260597229, 0.47320953011512756, -1.2176764011383057, 1.4464588165283203, -0.10301117599010468, -0.3688017725944519, -0.2729329764842987, -0.7213180661201477, -0.24183645844459534, -0.9552355408668518, -1.6248048543930054, 1.764188528060913, 0.8236584663391113, -0.8482568264007568, 0.060875918716192245, 0.6870347857475281, -0.6007524132728577, 0.22374221682548523, 0.7284463047981262, -1.2236799001693726, 1.3242641687393188, 1.0103204250335693, 0.340669184923172, -0.4651418924331665, 1.106357216835022, -0.5846052169799805, 0.8398052453994751, 0.9163997769355774, -0.23378421366214752, -0.17826874554157257, -0.45017924904823303, -0.11949721723794937, 0.29939115047454834, -0.087471142411232, 0.250484824180603, -0.8103062510490417, -0.013992474414408207, -0.0476236566901207, -1.0600061416625977, 0.26342713832855225, 0.11249057203531265, 0.8461416959762573, -0.7077416777610779, -0.4279707670211792, -1.0878753662109375, -2.007960796356201, 0.7019650936126709, 0.30604493618011475, 0.4022763669490814, 1.167829990386963, 0.27444988489151, -0.09252146631479263, -0.8383393883705139, -0.8165242671966553, -0.46068230271339417, 0.7824658155441284, -0.9832664728164673, 0.02241394855082035, -0.12245488166809082, -0.46090367436408997, -1.9999080896377563, 0.8421416878700256, 0.6877652406692505, 0.4565240144729614, -0.17537280917167664, -0.09768364578485489, -1.320317268371582, -0.5445714592933655, 0.011144999414682388, -0.4658312499523163, -0.7946536540985107, 0.6777719855308533, -0.5729992985725403, -0.2221815437078476, -1.0283857583999634, -0.599222719669342, -0.03034363128244877, 0.33241891860961914, -0.27269667387008667, -0.8582282662391663, 0.24823631346225739, 1.387420654296875, 0.10290653258562088, -0.41279006004333496, 0.789711594581604, 0.14998850226402283, -0.3181951940059662, 0.5934146642684937, -0.11813292652368546, -0.9184886813163757, 0.14650310575962067, 0.7895223498344421, 1.0152171850204468, -1.0199137926101685, -1.553672432899475, 0.5014391541481018, 0.04485476389527321, 0.8806362748146057, 0.1974441260099411, -1.101288080215454, -1.5290166139602661, 0.7716565132141113, 0.26705580949783325, 0.37671008706092834, -0.3260827958583832, -1.031676173210144, -0.648252546787262, 0.25414469838142395, 0.8601122498512268, -0.017990857362747192, 0.9080636501312256, 1.2423927783966064, -0.7507197260856628, 1.8422282934188843, -0.14893007278442383, 0.28278446197509766, 0.24558807909488678, 1.6419225931167603, -1.2832176685333252, -0.8023318648338318, 1.011875867843628, -0.12377440929412842, -0.5334638953208923, 0.27654218673706055, 0.5040732026100159, 0.8417048454284668, 1.5105699300765991, -1.1026484966278076, -0.8553605079650879, -0.7595145106315613, -0.07289779186248779, -1.2215914726257324, 0.8944085836410522, 1.772523283958435, -0.47980961203575134, 0.588602602481842, -0.7402908205986023, 0.8612929582595825, -1.1775479316711426, 1.294753909111023, -0.6274914145469666, -0.4904371201992035, -0.4345865845680237, -0.6274454593658447, -0.14979161322116852, -0.8917881846427917, -1.3885998725891113, -0.43325427174568176, -0.08555896580219269, -0.778560996055603, -0.31344348192214966, -0.6728128790855408, -0.6468232870101929, 1.0238165855407715, -1.2406189441680908, 0.7309038639068604, -1.077779769897461, -0.22997695207595825, -0.7208827137947083, -0.14041738212108612, 0.39821648597717285, -0.844573438167572, -0.8726333379745483, 0.1906261295080185, 1.1716657876968384, -1.0430488586425781, 0.5795140266418457, 0.8323599100112915, 0.6757361888885498, 1.1878355741500854, 0.9296542406082153, -0.473965048789978, -1.115042805671692, 0.8789103031158447, -1.389023780822754, 0.24238310754299164, 0.26579728722572327, 1.0469608306884766, -0.5414434671401978, 0.9689114689826965, 0.19858601689338684, -0.2746767997741699, -0.36720022559165955, -0.06147470697760582, -0.8215171694755554, -0.9695857167243958, 0.304364413022995, -0.33272531628608704, -0.3851719796657562, 1.2402052879333496, -0.1039004698395729, 0.43328940868377686, -0.44731780886650085, 0.15620356798171997, 1.1950278282165527, -1.2909842729568481, 0.19558918476104736, 0.202015683054924, 0.997382402420044, -0.17026790976524353, -0.6883661150932312, -0.7524541020393372, -0.12009137868881226, 0.18566137552261353, 0.018179073929786682, 0.6364230513572693, 0.050954513251781464, -0.3440245985984802, 0.5135019421577454, 0.8052914142608643, 1.7112598419189453, 0.41424164175987244, -1.8125903606414795, -0.5348507761955261, -0.10059616714715958, 0.10163817554712296, -1.1500567197799683, 0.045642200857400894, 0.441375195980072, -0.6388033032417297, 0.2097373902797699, -0.9696670770645142, -1.6357046365737915, 0.42374387383461, -0.07724568992853165, 0.4103772044181824, -0.6188658475875854, -1.2346962690353394, -0.20240400731563568, 0.5414202213287354, 0.6646751761436462, -0.0368247888982296, 0.06723883748054504, -0.09152945876121521, -0.0007633980130776763, 0.4094514846801758, 0.44703617691993713, 0.925857663154602, -0.3517364263534546, -0.5401144623756409, -0.6419992446899414, 0.6669882535934448, -1.0835407972335815, 0.7489118576049805, 0.18998412787914276, 0.554440975189209, -0.0898653194308281, 0.41260480880737305, 1.0733686685562134, 0.8525830507278442, 0.3666691780090332, 0.3418901562690735, 0.42592352628707886, 0.6011415123939514, 0.11803438514471054, -0.43023523688316345, 0.16871584951877594, -0.8501203656196594, 0.44917917251586914, 1.1018211841583252, -0.13748811185359955, -0.5607988238334656, -0.32127460837364197, 0.5592535138130188, -0.27079129219055176, -0.01797458715736866, 0.45484060049057007, -0.10702088475227356, -0.4540368318557739, -0.8333750367164612, -0.14199292659759521, -0.2305879145860672, 0.5715017914772034, 0.7222736477851868, 0.26385772228240967, 0.6211352944374084, 0.011373596265912056, 0.38052552938461304, -1.1702258586883545, -0.30537885427474976, -0.24387283623218536, 0.07104377448558807, 1.4280511140823364, 0.5902665257453918, 0.0569784976541996, -0.027572350576519966, 0.23971232771873474, 1.4158610105514526, 1.3382039070129395, 0.338854044675827, -0.6673747301101685, -0.2216351181268692, -0.24073170125484467, 0.1356818526983261, -0.08710454404354095, -0.4404281675815582, 0.5634341239929199, -0.9636480808258057, -0.22285272181034088, 0.35383597016334534, -0.1733446717262268, 0.022083697840571404, -0.05285845324397087, 0.1372310370206833, -0.44761016964912415, 0.5623196363449097, 0.46301838755607605, -0.3257443904876709, 0.6976445317268372, 1.1587779521942139, -0.3876664638519287, 0.18021254241466522, -0.020871426910161972, -0.3067057430744171, 0.14107993245124817, 0.3702685832977295, 1.288962721824646, 0.18386220932006836, 0.16330859065055847, -0.10851474851369858, 0.3559841811656952, 0.1596459597349167, 0.21257203817367554, 0.6580386757850647, 0.34191206097602844, 0.9881762266159058, 0.06654151529073715, 0.11644072085618973, 0.06501466035842896, 0.014000187627971172, -0.5753214359283447, 