{"text": "{\"train\": [{\"input\": [[5, 8, 6], [5, 8, 6], [5, 8, 6]], \"output\": [[1, 9, 2], [1, 9, 2], [1, 9, 2]]}, {\"input\": [[2, 3, 8], [2, 3, 8], [2, 3, 8]], \"output\": [[6, 4, 9], [6, 4, 9], [6, 4, 9]]}, {\"input", "embedding": [-1.2960256338119507, 0.6837965846061707, -3.84541916847229, -1.5081579685211182, 1.45856511592865, -1.3888416290283203, 1.2274802923202515, 0.04879527911543846, -1.2947335243225098, -1.070866346359253, -1.5964972972869873, 0.7386085987091064, 1.5148861408233643, -0.053493741899728775, 0.0017311139963567257, -1.0311061143875122, 0.6236091256141663, -1.3523640632629395, 1.2630599737167358, 0.9833972454071045, 1.0923787355422974, 0.3506910502910614, 0.11612628400325775, -0.39240366220474243, 1.7218297719955444, 0.5099719166755676, -0.48227497935295105, 0.1969672292470932, -1.090633511543274, 0.44717586040496826, 1.0930171012878418, -0.5950497388839722, 0.7476200461387634, -1.8620171546936035, -2.28501558303833, -0.4718489348888397, 1.049970269203186, -0.34340178966522217, 0.7344562411308289, -0.3633369207382202, 0.8528630137443542, -0.4000518321990967, -0.49481600522994995, -0.4287359118461609, 0.8849714398384094, -1.2816652059555054, 0.5555115938186646, -0.11403720825910568, -0.2660815715789795, -0.37667208909988403, -0.5452492833137512, -0.418070524930954, -0.21601426601409912, -1.1638025045394897, 2.0084068775177, 1.1839110851287842, -0.8997480869293213, -0.3093356192111969, 0.8416986465454102, 0.027156971395015717, 0.25588688254356384, 0.8202204704284668, -1.4095722436904907, 0.9913581609725952, 1.0268265008926392, -0.3555286228656769, 0.26746273040771484, 0.7135608196258545, -0.3885716497898102, 1.0910927057266235, 0.9022353887557983, -0.4943603575229645, 0.6029545664787292, -0.6584486961364746, -0.5868529677391052, -0.05302855744957924, -0.4234355688095093, 0.11700380593538284, -0.992859423160553, 0.6787095665931702, 0.5091157555580139, -1.432606816291809, 0.46567466855049133, -0.10260023921728134, 1.0527819395065308, -0.9854127168655396, 0.03288222476840019, -0.7203883528709412, -1.715981125831604, 0.9660959243774414, 0.05414556711912155, 0.2139563262462616, 0.7702431082725525, 0.9691104888916016, -0.5863842368125916, -0.7095634341239929, -0.5700445771217346, 0.3605223298072815, 0.8091285824775696, -0.7852659225463867, 0.15190038084983826, 0.2456820160150528, -0.1765517294406891, -2.157109022140503, 0.7764667272567749, 0.09598557651042938, 0.11104419082403183, -0.5660402774810791, -0.14266203343868256, -1.0928270816802979, -0.9744912385940552, 0.5440768003463745, -0.6535614728927612, -1.0307294130325317, -0.11403428018093109, -0.5675811171531677, -0.16827598214149475, -0.9627225399017334, -0.13226112723350525, 0.39886072278022766, 0.11934753507375717, -0.13999293744564056, -1.2268834114074707, 0.04972178488969803, 0.8132471442222595, 0.2519531548023224, -0.8540571331977844, 1.0506917238235474, 0.3373432457447052, 0.1770656406879425, 0.28959694504737854, -0.5737268328666687, -0.9423536062240601, -0.2255275547504425, 1.0383678674697876, 0.5481505393981934, -0.6743629574775696, -0.997015118598938, -0.018636196851730347, 0.21726129949092865, 0.4130572974681854, -0.07557299733161926, -1.2857229709625244, -1.3653653860092163, 1.1309231519699097, 0.06495299935340881, 0.02268611267209053, -0.37771913409233093, -0.9800373911857605, -0.19632239639759064, 0.05194202810525894, 0.5126367807388306, 0.3680577874183655, 0.7129567861557007, 1.0872033834457397, -0.7245904803276062, 1.6036940813064575, -0.11571317166090012, 0.32775571942329407, 0.38244983553886414, 1.4881945848464966, -1.2373923063278198, -0.5166503190994263, 0.9261768460273743, -0.5741334557533264, -0.27756214141845703, 0.7381224036216736, 0.6957406997680664, 0.8250545263290405, 1.4775646924972534, -1.4374245405197144, -1.3935571908950806, -0.5254625678062439, -0.35270923376083374, -0.8737964034080505, 0.6437593102455139, 1.0609287023544312, -0.973837673664093, 0.21198712289333344, -0.40965163707733154, 0.6002857685089111, -0.9584846496582031, 1.5275763273239136, -0.01798776537179947, -0.1928730010986328, -0.27847814559936523, -0.3815096914768219, -0.42917072772979736, -0.9476943612098694, -0.8005196452140808, -0.2246720790863037, 0.39731910824775696, -0.7493561506271362, -0.23375338315963745, -0.4448167681694031, -0.9505566358566284, 0.8097619414329529, -0.5448048710823059, 0.8750061988830566, -0.8632017970085144, -0.5994212031364441, -1.1135172843933105, -0.48671090602874756, 0.4949871003627777, -0.5973386764526367, -0.12268467992544174, -0.07785411179065704, 0.9881823062896729, -0.26138612627983093, 0.2645368278026581, 0.9582599997520447, 0.4694932997226715, 0.9424663782119751, 0.743296205997467, -0.24866680800914764, -1.3411293029785156, 0.805795431137085, -1.3767640590667725, 0.2892262935638428, 0.22601576149463654, 0.910740852355957, -0.81421959400177, 0.4458428919315338, 0.21393167972564697, -0.6463173031806946, -0.32336488366127014, -0.32367876172065735, -0.030289238318800926, -1.5509265661239624, 0.34453898668289185, -0.48611897230148315, -0.28948885202407837, 0.6854674816131592, 0.015089551918208599, 0.5078960061073303, 0.0446513295173645, -0.07513931393623352, 0.8172268271446228, -0.7710276246070862, 0.42734310030937195, 0.13730359077453613, 0.6053310036659241, -0.23731215298175812, -0.18339817225933075, -0.8025096654891968, -0.11564669013023376, 0.2773369252681732, -0.23319260776042938, -0.006733875256031752, 0.5075101852416992, -0.7144638299942017, 0.5322549939155579, -0.010519350878894329, 1.5694209337234497, 1.1279031038284302, -1.161798119544983, 0.2551591992378235, -0.27932310104370117, -0.07814080268144608, -0.8324447870254517, -0.14225731790065765, 0.17240764200687408, -0.15044005215168, -0.025807542726397514, -1.2410342693328857, -1.8197932243347168, 0.6518545150756836, -0.02112889289855957, -0.17553740739822388, -0.580450177192688, -1.1459925174713135, -0.11418961733579636, 0.860576331615448, 0.565034806728363, 0.2266000360250473, -0.2195315957069397, 0.16435500979423523, -0.018790677189826965, 0.20832408964633942, 0.693463146686554, 0.21277271211147308, -0.3178597092628479, -0.8197827935218811, -0.14585314691066742, 0.30296623706817627, -0.8981786966323853, 0.9953471422195435, -0.07384514808654785, 0.5766572952270508, 0.36873579025268555, 0.685361921787262, 1.2147728204727173, 0.6547772884368896, 0.5624595284461975, 0.09931208938360214, 0.06521409004926682, 0.78347247838974, -0.6458978056907654, -0.03163040801882744, 0.009901884011924267, -0.7231906652450562, 0.320833683013916, 1.6258430480957031, 0.034355152398347855, -0.003529738634824753, -0.5783072710037231, 0.11551427096128464, -0.3575791120529175, 0.425306111574173, 0.39263272285461426, 0.03909100592136383, -0.02541598677635193, -0.686273455619812, -0.07849376648664474, -0.3544038236141205, 0.155414879322052, 0.8681235909461975, 0.4715658724308014, 0.6501244306564331, -0.20321953296661377, -0.26293161511421204, -1.264244556427002, 0.23448850214481354, -0.5650510787963867, 0.12190786749124527, 0.7064985632896423, 0.5071178674697876, -0.14123643934726715, -0.5587266087532043, 0.3779325485229492, 0.6814842224121094, 1.110700249671936, 0.2006818801164627, -0.26014649868011475, -0.3408292531967163, -0.04178351163864136, 0.3294717073440552, -0.19245657324790955, -0.7277662754058838, 1.031351089477539, -0.30404093861579895, 0.0010365116177126765, 0.40112435817718506, -0.638738214969635, -0.04488943889737129, 0.8805617094039917, 0.05717584490776062, -0.5912831425666809, 0.02009466476738453, 0.4060881733894348, -0.6903288960456848, 0.2814633250236511, 1.027239203453064, 0.03592662140727043, 0.8193231821060181, -0.03267165273427963, 0.14912252128124237, 0.10099373757839203, 0.3795066475868225, 1.1193363666534424, 0.1894184947013855, 0.24939022958278656, -0.6126607656478882, -0.14801976084709167, -0.13446374237537384, -0.07164949178695679, 0.14238452911376953, 0.23125462234020233, 0.8463663458824158, 0.07080408185720444, -0.46414268016815186, 0.14383317530155182, -0.002392846392467618, 