{"text": "{\"train\": [{\"input\": [[1, 1, 0, 5, 0, 1, 0], [0, 0, 1, 5, 1, 1, 1], [1, 1, 0, 5, 0, 1, 0]], \"output\": [[0, 2, 0], [0, 0, 2], [0, 2, 0]]}, {\"input\": [[1, 0, 0, 5, 0, 1, 0], [0, 1, 0, 5, 1, 1, 1], [1, 0", "embedding": [-1.0362616777420044, 0.6026591658592224, -3.731518030166626, -1.2239104509353638, 1.5089774131774902, -1.3680940866470337, 1.5685619115829468, 0.16464705765247345, -1.6854814291000366, -1.2961845397949219, -1.8745030164718628, 0.7645584940910339, 1.312854528427124, 0.3635242283344269, -0.18642915785312653, -1.189473032951355, 0.45987486839294434, -1.1618695259094238, 1.3313978910446167, 0.7401549816131592, 1.382778525352478, 0.542185366153717, 0.38137179613113403, -0.4044950604438782, 1.293447732925415, 0.5336280465126038, -0.31153997778892517, 0.1770670861005783, -1.3490769863128662, 0.4895956814289093, 0.9871516823768616, -0.6865059733390808, 0.6045194268226624, -1.6566780805587769, -2.285006284713745, -0.3347253203392029, 1.0532351732254028, -0.5248684883117676, 1.1661090850830078, -0.46065622568130493, 0.6760463118553162, -0.27851012349128723, -0.3690216541290283, -0.6271047592163086, 0.7302597761154175, -1.3860329389572144, 0.49212026596069336, 0.355085164308548, -0.24244575202465057, -0.3277910351753235, -0.5871738195419312, -0.49893689155578613, -0.27337056398391724, -1.0020190477371216, 2.2820491790771484, 1.2130193710327148, -1.0023083686828613, -0.1127447560429573, 0.9242075681686401, -0.1007152795791626, 0.045343756675720215, 1.0332281589508057, -1.4040900468826294, 1.0506744384765625, 1.1566932201385498, -0.0500127412378788, 0.13818426430225372, 0.4753621518611908, -0.358840674161911, 1.2918051481246948, 0.949406087398529, -0.41349390149116516, 0.46849003434181213, -0.6138272285461426, -0.14524701237678528, 0.09530631452798843, -0.0972621813416481, 0.04948374256491661, -0.9597036242485046, 0.69329833984375, 0.2638879716396332, -1.6066774129867554, 0.5676286816596985, -0.038411106914281845, 1.401258945465088, -0.7393487691879272, 0.006147568579763174, -0.5726662874221802, -1.7761456966400146, 1.2287298440933228, 0.3014460504055023, 0.35245031118392944, 0.8946864604949951, 0.9593309760093689, -0.8489661812782288, -0.770012378692627, -0.8932335376739502, 0.11752012372016907, 0.7198596000671387, -1.0261350870132446, 0.32033342123031616, 0.424843966960907, 0.023641787469387054, -2.449577569961548, 1.0710639953613281, 0.2701009213924408, -0.13353975117206573, -0.4712107479572296, -0.12990663945674896, -1.22770357131958, -1.0223912000656128, 0.6519137024879456, -0.57164067029953, -1.031429648399353, -0.12411302328109741, -0.47504210472106934, 0.007240427657961845, -0.8725346326828003, -0.2599484622478485, 0.40771108865737915, 0.19611890614032745, -0.3096257150173187, -0.8456664681434631, 0.09913475066423416, 1.0981472730636597, 0.2562355697154999, -0.7308924198150635, 0.8362413048744202, 0.3418525159358978, -0.0884847491979599, 0.4729253053665161, -0.40992096066474915, -0.9345453977584839, -0.20634980499744415, 1.05115807056427, 0.5024527907371521, -0.5595107078552246, -1.2836861610412598, 0.35292384028434753, 0.1646861732006073, 0.5671573877334595, -0.19029155373573303, -1.2921249866485596, -1.4861469268798828, 1.132828950881958, 0.1038815900683403, 0.27495133876800537, -0.403662770986557, -1.082160234451294, -0.32194000482559204, 0.318035751581192, 0.6699456572532654, 0.2564276456832886, 0.8052889108657837, 1.083737850189209, -0.8430004119873047, 1.597511887550354, 0.005301920231431723, 0.4005109965801239, 0.33841004967689514, 1.3851381540298462, -1.0547517538070679, -0.46734267473220825, 0.6806073784828186, -0.39648523926734924, -0.433707058429718, 0.36685478687286377, 0.791671097278595, 0.6978879570960999, 1.5885947942733765, -1.1744530200958252, -1.3043303489685059, -0.7912470102310181, -0.1556210070848465, -0.9329736232757568, 0.5081083178520203, 1.2709447145462036, -0.8812846541404724, 0.2220526933670044, -0.8407371044158936, 0.5974779725074768, -0.8368955254554749, 1.2459139823913574, -0.1740066409111023, -0.29490816593170166, -0.5359517931938171, -0.34550508856773376, -0.23734967410564423, -1.090241551399231, -0.9283789992332458, -0.12357405573129654, 0.034894734621047974, -0.9285150170326233, -0.5969915390014648, -0.22819744050502777, -0.8029904365539551, 0.9134838581085205, -0.4312654137611389, 0.9676535129547119, -1.1018590927124023, -0.3802405595779419, -0.9368427395820618, -0.23487190902233124, 0.5861238837242126, -0.9275221228599548, -0.33708781003952026, -0.054879654198884964, 1.1354609727859497, -0.5099859833717346, 0.08264347165822983, 0.8787432909011841, 0.2614121437072754, 1.0563734769821167, 0.9868167638778687, -0.07799196988344193, -1.2121555805206299, 0.6684980988502502, -1.750849723815918, -0.029292292892932892, 0.09144076704978943, 0.7670435905456543, -0.6856600046157837, 0.6665288805961609, 0.48932281136512756, -0.5901317596435547, -0.298202246427536, -0.11683639883995056, -0.36080074310302734, -1.2072335481643677, 0.5076296925544739, -0.38834697008132935, -0.42189517617225647, 0.9906229376792908, 0.15924830734729767, 0.49780574440956116, -0.3299280107021332, -0.08235694468021393, 0.7512723207473755, -1.0312306880950928, 0.49014797806739807, 0.06675223261117935, 0.7148618698120117, -0.2586938738822937, -0.1900571882724762, -0.5158788561820984, -0.3643637001514435, 0.3540186882019043, -0.4906626343727112, 0.19916702806949615, 0.23773162066936493, -0.6372648477554321, 0.6464003324508667, 0.17286287248134613, 1.6411104202270508, 0.8348705172538757, -1.3101584911346436, 0.05273978412151337, -0.20607802271842957, 0.012343984097242355, -1.1374162435531616, -0.3789709508419037, 0.1582140326499939, -0.3493773341178894, 0.4015423059463501, -1.3457880020141602, -2.0077431201934814, 0.6511420607566833, 0.09803441166877747, -0.05625124275684357, -0.6327652931213379, -1.077236533164978, -0.10786427557468414, 0.7033431529998779, 0.7522646188735962, 0.06526912748813629, -0.424640029668808, 0.22819006443023682, -0.08951825648546219, 0.29155823588371277, 0.6489760279655457, 0.558168351650238, -0.33742770552635193, -0.720644474029541, -0.13707520067691803, 0.5550680160522461, -1.1793383359909058, 0.9572079181671143, -0.21398842334747314, 0.42473456263542175, 0.4917934536933899, 0.4730660617351532, 1.361156702041626, 0.3864330053329468, 0.4384460151195526, 0.14569516479969025, 0.10082384943962097, 0.6281606554985046, -0.3530380427837372, -0.5537550449371338, 0.06380259245634079, -0.8128055930137634, 0.3225870728492737, 1.6964898109436035, 0.18783898651599884, -0.20895276963710785, -0.568108320236206, 0.09625353664159775, -0.3959331810474396, 0.2560911178588867, 0.16491082310676575, 0.07957965135574341, 0.11584965884685516, -0.8503080606460571, -0.11173170804977417, -0.35784322023391724, 0.4065970480442047, 0.8713985085487366, 0.4754211902618408, 0.963747501373291, -0.2282712459564209, -0.1265178918838501, -1.3567675352096558, 0.04067452996969223, -0.30049940943717957, 0.30280232429504395, 0.8213676810264587, 0.49889296293258667, -0.18632163107395172, -0.6683462858200073, 0.4531559944152832, 1.0562549829483032, 1.1944806575775146, 0.08898116648197174, -0.24725988507270813, -0.027993764728307724, 0.01814517006278038, 0.20300336182117462, -0.32155969738960266, -0.7657397389411926, 1.0911325216293335, -0.5225816369056702, 0.1063876748085022, 0.22126008570194244, -0.5015320181846619, 0.0590800903737545, 0.8877984285354614, 0.4308388829231262, -0.4766611158847809, 0.14799974858760834, 0.44490599632263184, -0.7072857022285461, 0.39030253887176514, 1.1167683601379395, 0.12328710407018661, 0.4453186094760895, 0.043473489582538605, 0.03291603550314903, 0.22361445426940918, 0.2741801142692566, 1.0498442649841309, 0.2559107840061188, 0.025196176022291183, -0.43418455123901367, -0.3012279272079468, -0.011833813972771168, -0.09175271540880203, 0.015164350159466267, 0.3970133364200592, 1.028710961341858, 0.036838360130786896, -0.40066805481910706, 0.19491849839687347, 0.19519157707691193, -0.260085791349411, 