{"text": "{\"train\": [{\"input\": [[0, 0, 0, 0, 0, 0, 0, 0, 0, 0], [0, 2, 2, 0, 0, 0, 0, 0, 0, 0], [0, 2, 2, 0, 0, 0, 0, 0, 0, 0], [2, 2, 2, 0, 0, 0, 0, 0, 0, 0], [0, 2, 2, 0, 0, 0, 8, 8, 0, 0], [0, 0, 0, 0, 0, 0,", "embedding": [-0.6373122930526733, -0.06374556571245193, -3.097616672515869, -1.782730221748352, 1.055753469467163, -0.7574294209480286, 0.8245695233345032, 0.5899437665939331, -1.396092414855957, -1.6093262434005737, -1.7111613750457764, 1.3544446229934692, 0.8316158056259155, 0.8561782836914062, 0.07729320228099823, 0.14545002579689026, 0.7422012686729431, -0.993253231048584, 0.7572509050369263, 0.6427891850471497, 0.8211146593093872, 0.2562735378742218, 0.5564152598381042, -0.16399917006492615, 1.3056387901306152, 0.32253700494766235, -0.8024791479110718, 0.2062256783246994, -1.3810983896255493, 0.5225530862808228, 0.1195698082447052, -0.8228234648704529, 0.19079937040805817, -0.750899612903595, -1.6979210376739502, -0.02701450325548649, 0.7732865214347839, -0.12547285854816437, 0.5732914805412292, 0.46080976724624634, 0.8851585388183594, -0.7143992185592651, -0.8177112340927124, -0.5657280683517456, 0.3548545837402344, -1.4587634801864624, 1.3939869403839111, 0.2656688690185547, -0.44278863072395325, -0.9960578680038452, -0.7391297221183777, -0.3005359470844269, -0.7888411283493042, -1.5296555757522583, 1.3451590538024902, 1.0084824562072754, -1.3059266805648804, 0.2526613175868988, 0.6178390979766846, -0.7658309936523438, -0.04694607853889465, 0.9157296419143677, -0.8584138751029968, 1.1422326564788818, 0.7301987409591675, 0.20726926624774933, -0.5149758458137512, 1.1923446655273438, -0.921654224395752, 0.7541657090187073, 0.8431644439697266, -0.04414865002036095, 0.05304476246237755, -0.6654229164123535, -0.2367231696844101, 0.21556773781776428, -0.4009403586387634, 0.66472327709198, -0.7355920076370239, -0.005543014500290155, -0.026244740933179855, -0.9463168978691101, -0.2136915922164917, 0.19141389429569244, 0.8084829449653625, -0.8831051588058472, -0.3213058114051819, -0.996624767780304, -1.6758395433425903, 0.8458279967308044, 0.3827202618122101, -0.04426240921020508, 1.182769536972046, 0.2710878849029541, 0.04204356297850609, -0.4252142608165741, -1.182967185974121, -0.6686264872550964, 1.1574136018753052, -0.6351236701011658, -0.46321624517440796, -0.19655069708824158, -0.27800247073173523, -1.7329561710357666, 1.0474233627319336, 0.7841461896896362, 0.7935690879821777, -0.3201594650745392, -0.18949542939662933, -1.1544662714004517, -0.41360026597976685, 0.043005459010601044, -0.2783152759075165, -0.5475614070892334, 0.10342998057603836, -0.683215320110321, 0.17607660591602325, -0.8773241639137268, -0.7906489372253418, 0.05887860059738159, 0.11363694071769714, -0.6838507652282715, -1.105557918548584, -0.2870803475379944, 0.9734613299369812, 0.20195651054382324, -0.5274691581726074, 0.9367055296897888, 0.49779194593429565, -0.48514676094055176, 0.5555524230003357, -0.041220102459192276, -0.776787281036377, 0.24991551041603088, 0.7669926881790161, 1.0875812768936157, -0.9756376147270203, -2.0724499225616455, 0.8961830735206604, 0.07812624424695969, 0.7875910401344299, 0.1776675134897232, -1.0532748699188232, -1.5146247148513794, 0.9023944735527039, -0.45791175961494446, 0.4825306236743927, -0.1230490654706955, -0.8248614072799683, -0.5420858263969421, 0.4326015114784241, 0.862230122089386, 0.051949214190244675, 1.1369855403900146, 0.963610827922821, -0.2784780263900757, 1.2923277616500854, -0.5248645544052124, 0.26762351393699646, 0.48871853947639465, 1.584965467453003, -1.153199315071106, -0.8375818729400635, 0.9362759590148926, -0.08171752840280533, -0.38028454780578613, 0.4520595669746399, 0.7303583025932312, 0.5939819812774658, 1.5297449827194214, -1.2915583848953247, -0.6171337962150574, -0.6718210577964783, -0.10513760894536972, -0.9784340858459473, 0.5754656791687012, 1.3353545665740967, -0.3440089523792267, 0.5720853209495544, -0.49709320068359375, 0.8283292055130005, -0.9099900126457214, 1.1899495124816895, -0.5440322160720825, -0.16118839383125305, -0.6526147127151489, -0.8407114744186401, -0.1391317993402481, -0.5365505218505859, -1.1518646478652954, -0.7836634516716003, 0.06990011036396027, -0.7794211506843567, -0.13634327054023743, -0.7129302024841309, -0.6384128928184509, 1.3126839399337769, -0.8912323117256165, 0.41287675499916077, -1.3079450130462646, -0.23006628453731537, -0.4226766526699066, -0.20868781208992004, 0.25369125604629517, -1.2206162214279175, -0.9167488217353821, 0.5810721516609192, 0.9747572541236877, -1.0590384006500244, 0.6593295931816101, 0.7852146029472351, 0.8123037815093994, 1.3251800537109375, 0.9036747217178345, -0.6410232186317444, -1.117118239402771, 0.773760974407196, -1.541157841682434, 0.1278347671031952, 0.5250081419944763, 1.2313511371612549, -0.45377886295318604, 1.1566082239151, 0.2242782860994339, -0.09351285547018051, -0.2992226481437683, -0.16028347611427307, -0.2681964039802551, -1.1404763460159302, 0.31385692954063416, -0.17360469698905945, -0.7872963547706604, 0.9195965528488159, -0.10899017006158829, 0.6481354832649231, -0.22590704262256622, 0.37207555770874023, 1.3889491558074951, -0.9960455298423767, 0.3966388404369354, -0.0783638060092926, 0.8594028949737549, -0.5372328162193298, -1.0010124444961548, -0.5429184436798096, 0.3056085705757141, -0.3164317309856415, -0.2717406749725342, 0.4884849488735199, 0.06983211636543274, -0.1579122245311737, 0.49889564514160156, 0.7936460971832275, 1.3823827505111694, 0.5059782266616821, -2.0640668869018555, -0.3307556211948395, -0.48811179399490356, 0.6675638556480408, -1.2794619798660278, 0.2734393775463104, -0.055143121629953384, -0.8639256954193115, 0.28235697746276855, -0.8220010995864868, -1.1527522802352905, 0.4271106719970703, -0.07621901482343674, 0.3965277075767517, -0.2837078273296356, -1.250246524810791, -0.04703507199883461, 0.43723663687705994, 0.8131455779075623, -0.21475878357887268, 0.2680942416191101, 0.24703457951545715, 0.4437279999256134, 0.30016446113586426, 0.5379772782325745, 0.552625834941864, -0.610481321811676, -0.6200153827667236, -0.3405727446079254, 0.5628315806388855, -0.992868185043335, 0.4585130214691162, 0.38987278938293457, 0.41858163475990295, 0.2613113522529602, 0.750809907913208, 1.1197783946990967, 1.111669898033142, 0.8907792568206787, 0.021528836339712143, 0.49884864687919617, 0.21808844804763794, 0.29467645287513733, -0.08075986802577972, 0.4771503508090973, -0.6021851301193237, 0.38893190026283264, 0.7137134671211243, -0.17058007419109344, -0.571753203868866, -0.5822504758834839, 0.9579922556877136, -0.09058994799852371, -0.01520024985074997, 0.15242035686969757, -0.006009532604366541, 0.08914754539728165, -0.8126471638679504, 0.25808921456336975, -0.13250453770160675, 0.8211519718170166, 0.4344221353530884, 0.06112876534461975, 0.8250573873519897, 0.16589155793190002, 0.669022798538208, -1.1217035055160522, -0.02356863021850586, -0.5786696672439575, -0.27227139472961426, 1.3608030080795288, 0.5081899166107178, 0.2756897807121277, -0.27835214138031006, 0.2935888171195984, 1.3726470470428467, 1.0151021480560303, 0.35511425137519836, -0.5463910698890686, -0.02006527967751026, -0.11816537380218506, -0.056508619338274, -0.40632274746894836, -0.41071364283561707, 0.5714206695556641, -1.2137423753738403, -0.1507004350423813, 0.41571536660194397, -0.10098638385534286, -0.29915472865104675, 0.11381551623344421, -0.376740038394928, -0.6944115161895752, 0.534530520439148, 0.21068786084651947, -0.29397091269493103, 0.6342757344245911, 0.9563269019126892, -0.08230023831129074, 0.35726457834243774, -0.08655223250389099, -0.5047147274017334, -0.01762313023209572, 0.09736941754817963, 1.2745640277862549, 0.31961432099342346, 0.24413079023361206, -0.3674350082874298, 0.22188854217529297, -0.0059543694369494915, 0.07408104836940765, 1.1664528846740723, 0.3260178565979004, 0.8225530982017517, 0.18013665080070496, 0.2976154088973999, 0.11920326203107834, -0.09333949536085129, -0.5831586122512817, 