{"text": "# In MCP-enabled Meeseeks\nawait kg.create_entity(\"Meeseeks_1_Status\", {\n    \"progress\": 50,\n    \"findings\": [\"found X\"],\n    \"relations\": [\n        (\"collaborating_with\", \"Meeseeks_2\")\n    ]\n})\n\n# Que", "embedding": [-1.3107200860977173, 1.106614351272583, -3.4677700996398926, -1.156611442565918, 1.8908330202102661, -1.2210098505020142, -0.42521870136260986, 0.5207779407501221, -0.7954182028770447, -0.9480213522911072, -0.21846841275691986, 0.12442043423652649, 0.9815965890884399, -0.03742092102766037, 0.02245866321027279, -0.18154749274253845, 0.4965818226337433, -0.09316017478704453, -1.6872650384902954, 0.8901174068450928, -0.8196187019348145, -0.058957286179065704, 0.5845950245857239, -0.441567599773407, 1.071155071258545, 1.228334903717041, 0.32131481170654297, -0.29979607462882996, -0.9313908219337463, -0.018107105046510696, 0.6545677185058594, -0.4511863887310028, 0.9196926355361938, -0.6515524387359619, -1.3719042539596558, -1.1089435815811157, 0.7293548583984375, 0.4295186698436737, -0.5566908717155457, 0.03197531774640083, 0.2955014109611511, -0.04360141232609749, -0.7634886503219604, -1.3416529893875122, 0.3639456331729889, -0.463947057723999, 1.7027971744537354, 0.3482902944087982, 2.4278180599212646, -1.6964995861053467, 0.051298484206199646, 0.9722325801849365, 0.7133410573005676, -0.47752782702445984, 1.2574433088302612, 1.0707728862762451, 0.3474229574203491, 0.3223193883895874, 0.21478451788425446, -1.0719138383865356, 1.589861512184143, 1.4738768339157104, -0.4572654366493225, 1.0959084033966064, 1.464838981628418, -0.20952479541301727, -0.6711721420288086, 0.9350619316101074, 0.7039940357208252, -0.8549519181251526, 0.36858686804771423, 0.027714813128113747, 0.21960322558879852, 0.3980085849761963, 0.446235328912735, 0.178937628865242, 0.14894990622997284, -1.304953932762146, 0.09506294131278992, 0.5975235104560852, 1.1558854579925537, -0.07123538106679916, 1.641218900680542, -0.25878235697746277, 1.2542169094085693, 0.08040127903223038, -0.5472074747085571, 0.2764705419540405, -0.21063241362571716, 0.9420068264007568, 0.5662268400192261, 0.1973244547843933, 0.1339593231678009, 0.422600120306015, -1.5148375034332275, 0.3572092652320862, 0.35776591300964355, 0.25923117995262146, -0.8362640738487244, -0.5584492087364197, -0.4336566627025604, -0.14585748314857483, -0.5738821625709534, 0.07443426549434662, 0.19101469218730927, 1.2317038774490356, -0.5711504817008972, 0.5177211761474609, 0.5000831484794617, -0.16097034513950348, -0.5592536330223083, 0.8399742841720581, 0.22335931658744812, 0.006470417603850365, 0.3309384286403656, -1.0575881004333496, 0.32596197724342346, 0.15450650453567505, -0.24024982750415802, 0.22514542937278748, 0.4108228385448456, 0.02106304094195366, -0.235146626830101, 0.873370349407196, -0.8242095708847046, 1.105209469795227, -0.9436237812042236, -0.19011929631233215, 0.09532786160707474, -1.2142432928085327, -0.5031964778900146, -0.24403047561645508, -0.48603954911231995, 0.014743084087967873, 0.22751015424728394, 1.6338310241699219, -1.7344646453857422, 0.4778771996498108, 0.607434093952179, -0.4937492311000824, 0.29183030128479004, 0.20836490392684937, -0.52569180727005, -1.2603784799575806, -0.28362107276916504, -0.7555254697799683, 0.2211192399263382, -0.6315353512763977, -0.9998470544815063, 0.910871684551239, -0.4037967026233673, -0.21800538897514343, -0.35639336705207825, 0.06643649190664291, 0.5242345333099365, -1.03190279006958, 0.06809353083372116, 0.7530288696289062, 0.6279309988021851, 0.15319323539733887, 0.1687704175710678, 0.49635425209999084, -0.5102678537368774, 0.18855330348014832, 0.1918332725763321, -0.8403378129005432, 0.49621304869651794, 0.40569818019866943, 0.05574187636375427, 0.30716177821159363, -1.9685484170913696, -1.0863488912582397, -0.5163064002990723, 0.30676525831222534, -0.02886330895125866, 0.43556439876556396, 0.8840360641479492, -1.2423871755599976, 0.737108051776886, -0.4489195942878723, 0.5051838755607605, -2.0146055221557617, 1.8062853813171387, 0.42846617102622986, -1.2154581546783447, -0.21511369943618774, 0.09208298474550247, -0.7236566543579102, 0.4189898669719696, -0.7173163890838623, 0.9816775321960449, -0.4584823250770569, -1.1085562705993652, -0.01227225549519062, 0.25717753171920776, -0.2982279360294342, 0.39651885628700256, -0.7366655468940735, 0.4601293206214905, -0.9648461937904358, -0.05535535886883736, -0.12222251296043396, 0.46457481384277344, 0.23067152500152588, -0.7000247240066528, 0.6161349415779114, 0.2047162801027298, 1.3511179685592651, -0.10513683408498764, -0.056171152740716934, 1.2969701290130615, -0.9775358438491821, 0.11129606515169144, 0.015840770676732063, 0.6649057269096375, 0.2301172912120819, 0.5151855945587158, -0.469782292842865, -0.9914275407791138, 0.16385851800441742, 0.624591052532196, 0.26957741379737854, -0.3719545006752014, 0.3808143138885498, 0.10732609033584595, 0.04394424334168434, -0.6519515514373779, -0.3419666290283203, -0.6311241388320923, -0.3935527205467224, -0.46440356969833374, -0.8502803444862366, 0.8338271379470825, -0.1342967301607132, 0.28742197155952454, 0.6019931435585022, -0.3590824604034424, 0.843132495880127, -0.19344615936279297, 0.029113993048667908, -0.25413790345191956, 0.23565395176410675, 0.044197797775268555, 0.032641828060150146, -0.46419212222099304, -0.3808823525905609, -0.16668708622455597, -0.17465071380138397, 0.19109739363193512, 1.4022700786590576, 0.5528991222381592, -0.10673189163208008, -0.46243730187416077, 0.19601143896579742, 0.9679926037788391, -1.1255245208740234, -0.30220380425453186, 0.6657456159591675, 0.215460866689682, -0.37089288234710693, 0.5175631642341614, -0.9453399181365967, 0.8593567609786987, -0.41028493642807007, -0.2315671443939209, -1.3329384326934814, -0.5570488572120667, -0.72663414478302, -0.36315444111824036, -0.8277133703231812, -0.8666436076164246, 0.5236228704452515, 0.41291797161102295, 1.2280279397964478, -0.12124103307723999, 0.5038638710975647, -0.11377518624067307, 0.09008295834064484, -0.6962773203849792, 0.3718535006046295, -0.13580989837646484, -0.5429294109344482, -0.19377149641513824, 0.16874821484088898, -0.6732826232910156, 1.08241868019104, 0.11903854459524155, 0.3405601978302002, 0.19765515625476837, -0.03842786327004433, 0.507989227771759, -0.0225788913667202, 0.33506277203559875, 1.0133118629455566, -0.9883005023002625, 0.036043521016836166, 0.25530752539634705, -0.5793786644935608, -0.14621342718601227, -0.27874863147735596, 0.8833010196685791, 0.8654014468193054, 1.1977689266204834, 0.17115557193756104, -0.2560375928878784, -0.9033287763595581, -0.7266491651535034, 0.2200719714164734, -0.41107645630836487, -0.21830399334430695, -0.8697819709777832, -0.30971023440361023, -0.8328657150268555, 0.40545859932899475, -0.348050981760025, 1.0911890268325806, 0.9085131287574768, 0.7646694779396057, 0.4279002845287323, -0.3601210117340088, 0.7567209601402283, -0.8575604557991028, 0.1292080134153366, -0.8273181319236755, -0.2748554050922394, 1.8604722023010254, -0.7846564054489136, 0.2027355581521988, -0.14725814759731293, -0.9436588883399963, -0.22184206545352936, -0.4923892617225647, 1.335943341255188, -0.6939607858657837, -0.8475503325462341, 0.6566281914710999, 0.06754403561353683, -0.5899949073791504, -0.6825180649757385, 1.1569130420684814, 0.07992205768823624, -0.13891898095607758, 0.38601094484329224, -0.7795365452766418, -0.19631637632846832, -0.22698067128658295, -1.6630864143371582, -0.10531196743249893, 0.60025554895401, 0.8507049679756165, -1.443966031074524, -0.23610587418079376, -0.3103925883769989, -0.5479400157928467, 0.2834712266921997, 0.08179813623428345, 0.4380825161933899, 0.559042751789093, -0.328578382730484, -0.29127076268196106, 1.0908448696136475, 0.22135195136070251, 0.033082105219364166, 0.30225589871406555, -0.46755918860435486, 1.3102327585220337, 1.3242121934890747, 0.0024410346522927284, 1.1054188013076782, 0.7605466246604919, 0.23745287954807281, -0.5137960314750671, 0.5663533210754395, 