{"text": "{\r\n  \"total\": 6,\r\n  \"success\": 6,\r\n  \"failed\": 0,\r\n  \"success_rate\": \"100.0%\",\r\n  \"avg_duration_ms\": 56645.0\r\n}", "embedding": [1.483810544013977, 0.6520788073539734, -4.1436028480529785, 0.2444518804550171, 1.255109190940857, -0.667729914188385, 1.2239066362380981, -0.32185837626457214, 0.02623528055846691, -0.22274744510650635, -0.4152277410030365, 0.6880382895469666, 1.6282755136489868, 0.25025853514671326, 0.14647535979747772, -0.5642774105072021, 0.38557931780815125, -1.7839181423187256, -0.9483547806739807, 1.3491849899291992, -0.15823084115982056, -1.4394042491912842, -0.6761355996131897, -0.5903767943382263, 1.3197683095932007, 1.162229061126709, -0.5963349342346191, 0.2745690643787384, -1.2306791543960571, 0.3685360848903656, 0.7025841474533081, 0.22781167924404144, 0.013153278268873692, -1.031252145767212, -1.385087490081787, -0.4529719352722168, -0.4707031548023224, -0.23987534642219543, 0.7540239095687866, -0.9500165581703186, 0.18424125015735626, -0.87005615234375, 0.37046512961387634, -0.10542387515306473, 0.4588125944137573, 0.44971856474876404, 0.0884644091129303, 0.5889548659324646, 0.6114798784255981, -0.7561714053153992, 0.4709414541721344, -0.14161154627799988, 0.29985684156417847, -0.8133727312088013, 1.401808261871338, 0.9576655030250549, -2.141152858734131, 0.17682522535324097, 0.6429408192634583, -0.12225548177957535, 1.5076268911361694, -0.21849320828914642, -0.11172758787870407, 1.1689784526824951, 1.0074509382247925, -0.15277278423309326, -0.3082745373249054, 0.8876596689224243, 0.10157133638858795, -0.1553516685962677, 0.9024708867073059, -0.317482054233551, -0.2831832468509674, -0.10431082546710968, -0.7930859923362732, -0.2891523540019989, -0.7545555233955383, -0.9167488813400269, 0.021180691197514534, 0.5881924033164978, 0.1800529509782791, -0.8920674324035645, 0.5492584705352783, -0.26241350173950195, 0.9455775022506714, -0.863889753818512, -0.06558766961097717, -0.5329272747039795, -1.327131748199463, 1.4714841842651367, 0.37114062905311584, 1.0037559270858765, 0.2307664155960083, 0.9718360304832458, -1.4597316980361938, -0.051709823310375214, -0.21395201981067657, 0.7436580061912537, -0.356003999710083, 0.756554901599884, -0.13128826022148132, 0.5245899558067322, -0.28966227173805237, -0.8217905759811401, 0.5483875870704651, 1.3255350589752197, 0.4565556049346924, -0.21434423327445984, 0.39317232370376587, 0.35851889848709106, -0.7895131707191467, 0.5647591352462769, -0.5077345967292786, -0.939818799495697, -0.022589756175875664, 0.022393910214304924, 1.550498604774475, -0.7399022579193115, -0.45107272267341614, -0.09697303920984268, 0.02191435731947422, -0.13129922747612, 0.05470183864235878, 0.451572060585022, -0.8010592460632324, -0.04647088423371315, -0.5111303329467773, 0.7912063002586365, 0.45816922187805176, 0.416981041431427, -0.049351323395967484, -0.9109828472137451, -0.9697903990745544, 0.35619351267814636, 0.5240311622619629, 1.1777757406234741, 0.3141753673553467, -0.34888213872909546, -0.2908695340156555, 0.5089594721794128, -0.3505293130874634, -1.0436681509017944, 0.2862531840801239, 0.33642861247062683, -0.20265409350395203, -1.325771450996399, 0.7125139236450195, 0.2928636074066162, -0.8439303040504456, -0.07158833742141724, 0.48829182982444763, -0.3085109293460846, 0.39727070927619934, 0.4243382513523102, 0.0023641022853553295, -1.09230375289917, -0.12300901114940643, 0.11220967024564743, 0.1694267839193344, 0.08378279954195023, 1.4288971424102783, -0.19175173342227936, -0.9691767692565918, 0.8647239208221436, -0.45648765563964844, -0.5867061018943787, 0.05026501044631004, 0.6766883134841919, 0.010521122254431248, 0.4887285530567169, -0.8237318992614746, -0.9656825661659241, -0.3838626444339752, -0.3425137400627136, -0.3321347236633301, -0.1577903926372528, 0.6813854575157166, -0.02439027465879917, 0.2750204801559448, -0.4356774389743805, 1.3990598917007446, -0.9505760073661804, 0.35354840755462646, 0.4202571511268616, -0.05981495603919029, -0.37145715951919556, 1.2506312131881714, 0.02477596327662468, -1.084273099899292, 0.03539697453379631, 0.3685417175292969, 0.13438913226127625, -1.023430585861206, -0.24790962040424347, -0.7906923890113831, 0.30658185482025146, 1.7402113676071167, -0.1689620167016983, 1.0165271759033203, -0.7388826608657837, -0.3615381419658661, 0.6238325238227844, -0.620211124420166, -0.018498698249459267, -1.1309537887573242, 0.22550557553768158, 0.05543519929051399, 1.0245596170425415, -0.596937894821167, 0.967932403087616, 1.3933539390563965, -0.3687557280063629, -0.575597882270813, 0.45462727546691895, 0.1776355803012848, -0.8914550542831421, -0.3012237250804901, -0.5288041830062866, 0.1289716511964798, 0.6076439619064331, 0.23162232339382172, 0.2756941020488739, -0.6218993663787842, -0.6163146495819092, 1.2268067598342896, 0.5330402851104736, -1.0909608602523804, 0.40135082602500916, -0.7478760480880737, 0.3109913766384125, 0.346466600894928, -0.9537478089332581, 0.7327797412872314, -0.3043278157711029, -0.3157522678375244, 0.7877817749977112, -0.11588309705257416, 0.7398245930671692, 0.42394527792930603, 1.1464207172393799, 0.3319721519947052, 0.09763306379318237, -0.6082701683044434, 0.50394606590271, -0.7508369088172913, 0.1913754791021347, -0.8143368363380432, -0.2018478959798813, 0.030860058963298798, 0.8557277321815491, -0.2224494069814682, 0.7006614208221436, 1.3846837282180786, -0.017048317939043045, 0.7242209911346436, -0.3001219630241394, -1.068873643875122, -0.1284669041633606, -0.13889159262180328, 0.3007092773914337, -0.03925525024533272, 0.06924698501825333, 0.30313292145729065, -0.5834603905677795, -0.8754308223724365, -1.178438663482666, -0.41317546367645264, -0.4517652094364166, 0.006527451798319817, -0.11362355202436447, 0.07889122515916824, 0.5373625159263611, 0.5208374261856079, 1.3448189496994019, 0.4428299367427826, -0.06392918527126312, 0.6405209302902222, 0.3891047537326813, 0.3400961458683014, 0.11523355543613434, -1.660094141960144, -0.4777842164039612, -0.6131410598754883, 0.39219921827316284, 0.3769281804561615, -0.24746431410312653, 1.203757405281067, -0.08105102926492691, 0.42890167236328125, 0.5697058439254761, -0.31401878595352173, 0.07867686450481415, -0.3781759440898895, 0.3308228552341461, 0.28760409355163574, 0.5257878303527832, 1.2592681646347046, -0.47477051615715027, 0.4703354239463806, -0.748344898223877, -0.5001177191734314, 0.7084327340126038, 0.08126283437013626, -0.11780067533254623, -0.8770075440406799, -0.7607976794242859, -0.1457403600215912, 0.3677382171154022, 1.0609561204910278, -0.3020869791507721, 0.24567045271396637, 0.12883779406547546, -0.7330502271652222, 0.2473994344472885, -0.014684704132378101, 1.1292973756790161, 0.29779839515686035, 1.0124075412750244, 0.47292718291282654, 0.5675651431083679, 0.12106279283761978, -0.7663109302520752, -0.0515667125582695, -0.3537241220474243, 0.2646194398403168, 0.5749894976615906, -0.5903776288032532, 1.0073950290679932, -0.2519873082637787, 0.6205716133117676, 0.38212457299232483, 0.45657822489738464, 0.4016736149787903, -1.094072699546814, 0.14619173109531403, 1.071925401687622, -0.20027248561382294, 0.14449889957904816, -0.37320318818092346, 1.1783626079559326, 0.34005141258239746, 0.15163744986057281, -0.05387761816382408, -0.6055578589439392, -0.4031650722026825, 0.22403457760810852, -0.7528685927391052, -0.3730141520500183, 0.5506783127784729, 0.48096489906311035, -0.5892420411109924, -0.003387249307706952, -0.3254876732826233, -0.1237373873591423, 0.5697020888328552, 0.3004004955291748, 0.7475916147232056, 1.321009874343872, 0.35070720314979553, -0.25300562381744385, 1.006181001663208, 0.776396632194519, -0.3135095238685608, -0.6755983233451843, -0.19285577535629272, 1.3305151462554932, 0.496255099773407, 0.4507390558719635, 0.4381183385848999, -0.2985001504421234, -0.3417743742465973, -0.29700398445129395, 0.5435168743133545, -0.054356858134269714, -0.20953547954559326, 0.2847125828266144, -1.8190033435821533, -0.9213097095489502, 