{"text": "{\"train\": [{\"input\": [[1, 3, 0, 0, 0, 0, 0, 0, 0, 0], [2, 8, 0, 0, 0, 0, 1, 0, 0, 0], [0, 0, 0, 0, 1, 1, 1, 0, 0, 0], [0, 0, 0, 0, 1, 1, 1, 0, 0, 0], [0, 0, 3, 3, 3, 3, 1, 8, 0, 0], [0, 0, 3, 3, 2, 0,", "embedding": [-0.6801654696464539, 0.09508761763572693, -3.1360104084014893, -1.7934882640838623, 1.2550143003463745, -0.8476395606994629, 0.8018389344215393, 0.5560897588729858, -1.315476655960083, -1.4929434061050415, -1.7361747026443481, 1.2540491819381714, 0.623024582862854, 0.7247520089149475, 0.04095590487122536, 0.1612541675567627, 0.7974059581756592, -0.93181973695755, 0.8602307438850403, 0.6039233803749084, 0.7351956963539124, 0.1665833741426468, 0.2928343117237091, -0.3294179439544678, 1.4696041345596313, 0.42799532413482666, -0.8584497570991516, 0.060600537806749344, -1.4363994598388672, 0.5706871747970581, 0.2653385102748871, -0.9561585187911987, 0.0735728070139885, -0.9175102710723877, -1.7002326250076294, -0.0477859303355217, 0.7272465229034424, -0.1429261416196823, 0.2314332276582718, 0.5013271570205688, 1.1244218349456787, -0.6562302112579346, -0.5897651314735413, -0.4418873190879822, 0.29427897930145264, -1.2586933374404907, 1.4683119058609009, 0.11989285796880722, -0.36675259470939636, -0.8700251579284668, -0.5505326390266418, -0.08257374167442322, -0.883587121963501, -1.5242422819137573, 1.2010375261306763, 1.396114706993103, -1.156599521636963, 0.0047191353514790535, 0.5347316861152649, -0.683432936668396, -0.14891381561756134, 0.6258448362350464, -0.9807018637657166, 1.106860637664795, 0.6747541427612305, 0.21130578219890594, -0.4564652144908905, 1.002246618270874, -0.9804314970970154, 0.5150524973869324, 0.99078768491745, -0.16618847846984863, 0.030445976182818413, -0.6646620631217957, -0.1629064828157425, 0.19073981046676636, -0.35800325870513916, 0.47121864557266235, -0.7826345562934875, -0.16686567664146423, 0.10242931544780731, -0.936268150806427, -0.05069778487086296, 0.065111443400383, 0.7914775013923645, -0.7660313844680786, -0.2714914381504059, -1.2020642757415771, -1.6020647287368774, 0.6912075281143188, 0.05830817297101021, 0.10563244670629501, 1.0776668787002563, 0.3873027563095093, -0.060157276690006256, -0.5041632652282715, -0.8380526304244995, -0.4752865731716156, 0.878943145275116, -0.7978637218475342, -0.44627752900123596, -0.24462734162807465, -0.4825911223888397, -1.657138466835022, 0.9774969816207886, 0.5834787487983704, 0.8748788833618164, -0.23041628301143646, -0.0844455137848854, -1.3061976432800293, -0.5679993033409119, -0.21475516259670258, -0.23693905770778656, -0.7366070747375488, 0.3256421685218811, -0.6102777123451233, 0.15017169713974, -1.0179870128631592, -0.5101297497749329, -0.07813216000795364, 0.10865775495767593, -0.5742515325546265, -1.3093637228012085, -0.31702420115470886, 1.0415493249893188, 0.10637298226356506, -0.37483808398246765, 1.0251539945602417, 0.21116940677165985, -0.43334221839904785, 0.6654168963432312, -0.051385778933763504, -0.8231673240661621, 0.15813563764095306, 0.8878569602966309, 1.230534315109253, -1.067577838897705, -1.8300824165344238, 0.6486464142799377, 0.25606152415275574, 0.5910345315933228, 0.22892113029956818, -1.1304899454116821, -1.4228700399398804, 0.8675028681755066, -0.2951340675354004, 0.4177287220954895, -0.06907173246145248, -0.9645159244537354, -0.42986172437667847, 0.5502861142158508, 0.8335779905319214, 0.12968890368938446, 1.1393295526504517, 0.8865009546279907, -0.5191790461540222, 1.4645072221755981, -0.3603561520576477, 0.28122401237487793, 0.3948418200016022, 1.4674146175384521, -1.276877760887146, -0.908942461013794, 1.023167371749878, -0.23168863356113434, -0.3234739601612091, 0.5359854698181152, 0.5604238510131836, 0.5367445349693298, 1.5200273990631104, -1.2070608139038086, -0.6758005619049072, -0.6326228380203247, -0.2483326643705368, -1.005196452140808, 0.8288050293922424, 1.3466123342514038, -0.3045840561389923, 0.4198284447193146, -0.21828080713748932, 0.697344183921814, -0.9501628279685974, 1.354040265083313, -0.41992291808128357, -0.0017231147503480315, -0.40126851201057434, -0.8692262172698975, -0.11676103621721268, -0.6044647693634033, -1.2208598852157593, -0.980987548828125, 0.23843199014663696, -0.8239505290985107, -0.1963266134262085, -0.606595516204834, -0.9805182814598083, 1.1269056797027588, -1.0016019344329834, 0.5340257883071899, -1.2476389408111572, -0.34935465455055237, -0.5564419627189636, -0.14756657183170319, 0.30332979559898376, -0.9572380185127258, -0.8183169960975647, 0.5259069204330444, 1.0952985286712646, -0.6221247315406799, 0.7663748264312744, 0.6754023432731628, 0.8083588480949402, 1.266523003578186, 0.7919543981552124, -0.6941784620285034, -1.1913557052612305, 0.9790199995040894, -1.3111553192138672, 0.19706213474273682, 0.540286660194397, 1.3280774354934692, -0.6391859650611877, 0.9882102608680725, 0.1785433292388916, 0.11938894540071487, -0.39698493480682373, -0.3549233675003052, -0.44331496953964233, -1.115541696548462, 0.26484623551368713, -0.32716450095176697, -0.5787713527679443, 0.7853325605392456, -0.20438937842845917, 0.4987695515155792, 0.12687981128692627, 0.18930098414421082, 1.285443902015686, -0.9630666375160217, 0.5008420348167419, 0.1149350106716156, 0.8008346557617188, -0.3295510709285736, -0.9491071701049805, -0.7762358784675598, 0.2324930876493454, -0.27436721324920654, -0.11941865086555481, 0.5733103156089783, 0.009301887825131416, -0.3303765654563904, 0.5572453737258911, 0.8056381344795227, 1.3286659717559814, 0.5387660264968872, -1.831917643547058, -0.1777094304561615, -0.45556989312171936, 0.41980335116386414, -1.2221370935440063, 0.2807124853134155, 0.14869867265224457, -0.4372711479663849, 0.028025701642036438, -0.7330729365348816, -1.3045976161956787, 0.48823341727256775, -0.20742753148078918, 0.23462827503681183, -0.4376952350139618, -1.3195703029632568, -0.01240073423832655, 0.667406439781189, 0.873802125453949, -0.057344380766153336, 0.3477713465690613, 0.24988196790218353, 0.3999707102775574, 0.3746587634086609, 0.6122501492500305, 0.3285117447376251, -0.5561268925666809, -0.6595925092697144, -0.5809547305107117, 0.5908815860748291, -0.7341387271881104, 0.6660281419754028, 0.14193356037139893, 0.30758026242256165, 0.37219372391700745, 0.5706408619880676, 1.00163996219635, 1.0879803895950317, 0.6494863033294678, 0.02547706477344036, 0.3405199646949768, 0.27335140109062195, 0.15384823083877563, 0.08756258338689804, 0.4636242687702179, -0.3847470283508301, 0.32139548659324646, 0.7797144651412964, -0.3099640905857086, -0.3889317512512207, -0.5347767472267151, 0.7737714052200317, -0.029116058722138405, 0.1606253683567047, 0.4296930730342865, 0.005090215243399143, 0.07637494802474976, -0.909681499004364, 0.21808886528015137, -0.05206754803657532, 0.6263880133628845, 0.5107077956199646, 0.08825420588254929, 0.732583224773407, 0.09225239604711533, 0.4134503901004791, -1.0585460662841797, -0.277168333530426, -0.7624503970146179, -0.2269635945558548, 1.216797113418579, 0.5302766561508179, 0.18434961140155792, 0.0060640061274170876, 0.21407949924468994, 1.3923254013061523, 0.9458659887313843, 0.17786267399787903, -0.6193115711212158, -0.2546842694282532, -0.3319041430950165, -0.13657180964946747, -0.35375866293907166, -0.3990502655506134, 0.4513814151287079, -1.2145510911941528, -0.07985232770442963, 0.3271564245223999, -0.23753978312015533, -0.22731135785579681, 0.23427748680114746, -0.40493571758270264, -0.6037809252738953, 0.6014751195907593, 0.1502651572227478, -0.32016053795814514, 0.8008909821510315, 0.9864146113395691, -0.34868425130844116, 0.43863537907600403, -0.015098100528120995, -0.4564357399940491, -0.045710545033216476, 0.21396534144878387, 1.1974997520446777, 0.27170154452323914, 0.5317961573600769, -0.3967072069644928, 0.234191432595253, 0.07002577185630798, 0.17140857875347137, 1.0232224464416504, 0.35227036476135254, 0.9769729375839233, 0.19152003526687622, 0.2159644514322281, 0.10815414786338806, -0.10927969217300415, -0.6400437951087952, 0.36080536246299744, 