{"text": "{\"train\": [{\"input\": [[0, 1, 0], [1, 0, 1], [0, 1, 0], [1, 0, 1], [0, 1, 0], [1, 0, 1]], \"output\": [[0, 2, 0], [2, 0, 2], [0, 2, 0], [2, 0, 2], [0, 2, 0], [2, 0, 2], [0, 2, 0], [2, 0, 2], [0, 2, 0]]},", "embedding": [-1.3085520267486572, 0.4661695659160614, -4.003931045532227, -1.225663423538208, 1.3613518476486206, -1.0613442659378052, 1.153185486793518, 0.5238341093063354, -1.7789199352264404, -1.5936301946640015, -1.5055330991744995, 1.320344090461731, 1.2724158763885498, 0.3638278543949127, 0.15431652963161469, -1.0578118562698364, 0.6571181416511536, -1.5044581890106201, 1.2622594833374023, 0.721038281917572, 1.2072913646697998, 0.48489096760749817, 0.3303412199020386, -0.22333534061908722, 1.5314385890960693, 0.47237351536750793, -0.46621471643447876, 0.23180852830410004, -1.5873236656188965, 0.6992676854133606, 0.9296752214431763, -0.5623753666877747, 0.5719984173774719, -1.3806382417678833, -2.180009365081787, -0.4836190938949585, 1.0106174945831299, -0.525685727596283, 1.035836935043335, -0.3490454852581024, 0.7028544545173645, -0.5746655464172363, -0.3739703297615051, -0.8249548673629761, 0.7184483408927917, -1.291667103767395, 0.875700056552887, -0.08680406957864761, -0.5679247379302979, 0.036662593483924866, -0.5024595260620117, -0.4704809784889221, -0.46568018198013306, -1.3148292303085327, 2.170072078704834, 0.9124968647956848, -1.0605199337005615, 0.018492886796593666, 0.8605207800865173, -0.33621740341186523, 0.21697357296943665, 1.0920778512954712, -1.4939936399459839, 1.1333708763122559, 1.372543215751648, -0.04786078631877899, -0.038874704390764236, 0.717311441898346, -0.16481134295463562, 1.319385290145874, 0.9258009791374207, -0.3035717308521271, 0.1103598102927208, -0.5243653655052185, -0.2927236557006836, 0.044181011617183685, -0.18363003432750702, 0.09523078054189682, -1.0072989463806152, 0.39359763264656067, 0.22064104676246643, -1.3579292297363281, 0.43609222769737244, -0.09280015528202057, 1.2517157793045044, -0.8020419478416443, -0.09545134007930756, -0.7070363163948059, -1.8884270191192627, 0.9559674263000488, 0.1472482830286026, 0.739378809928894, 0.8553468585014343, 0.8196752667427063, -0.41356292366981506, -0.684493362903595, -1.0177583694458008, -0.001919774105772376, 0.7392362952232361, -0.9113218784332275, 0.12224257737398148, 0.33403801918029785, -0.1674291044473648, -2.272041082382202, 1.051386833190918, 0.4268876910209656, 0.0009108660742640495, -0.5710867643356323, 0.005806938279420137, -1.2647262811660767, -0.7841949462890625, 0.4152674078941345, -0.646281361579895, -0.9388296008110046, 0.329022616147995, -0.44756370782852173, -0.2394345998764038, -1.1389836072921753, -0.376939594745636, 0.20556971430778503, 0.43171870708465576, -0.26193609833717346, -1.040926456451416, 0.220815509557724, 1.1978727579116821, 0.23757117986679077, -0.902492105960846, 0.8649015426635742, 0.3511302173137665, 0.08673002570867538, 0.23671695590019226, -0.2763139307498932, -0.8520744442939758, -0.23708541691303253, 1.0585182905197144, 0.6880298256874084, -0.8481051325798035, -1.3995940685272217, 0.43762797117233276, 0.08170727640390396, 0.717383086681366, -0.10089704394340515, -1.1185109615325928, -1.4924111366271973, 0.9473820328712463, 0.2057677060365677, 0.3277968466281891, -0.5622075200080872, -1.0759968757629395, -0.38473618030548096, 0.2076101154088974, 0.8454911112785339, 0.11304034292697906, 0.9618164896965027, 1.070995807647705, -0.8028755187988281, 1.9134539365768433, -0.17997317016124725, 0.38551145792007446, 0.4545808434486389, 1.7270418405532837, -1.0992658138275146, -0.45309075713157654, 0.7604460716247559, -0.46347951889038086, -0.36964845657348633, 0.5925351977348328, 0.6421231031417847, 0.8130825757980347, 1.5463306903839111, -1.184849500656128, -1.2780442237854004, -0.7889186143875122, -0.01698911376297474, -1.141047477722168, 0.6158767342567444, 1.2033714056015015, -0.7211669683456421, 0.46092483401298523, -0.8926700353622437, 0.7689932584762573, -0.9444674253463745, 1.271435022354126, -0.29930049180984497, -0.33532238006591797, -0.5321395397186279, -0.43919554352760315, -0.0799369215965271, -1.3140767812728882, -1.0138872861862183, -0.0773276761174202, 0.07847278565168381, -0.7974284887313843, -0.34815043210983276, -0.4660358130931854, -0.7127540707588196, 0.9048546552658081, -0.943354070186615, 1.1059980392456055, -1.0666472911834717, -0.19903075695037842, -1.0663421154022217, -0.37395158410072327, 0.6261739730834961, -0.7737255692481995, -0.5762168169021606, 0.166241854429245, 1.1767773628234863, -0.6530953049659729, 0.2876995801925659, 0.893288254737854, 0.21632571518421173, 1.1112163066864014, 0.8464346528053284, -0.22263187170028687, -1.363796591758728, 0.8026875853538513, -1.7065283060073853, 0.08132002502679825, 0.20027601718902588, 0.7995256185531616, -0.687447190284729, 0.8014304637908936, 0.17208924889564514, -0.6682652235031128, -0.24837327003479004, -0.06351988762617111, -0.46539977192878723, -1.2345991134643555, 0.3433516323566437, -0.37585020065307617, -0.4751833975315094, 1.077466368675232, 0.07969660311937332, 0.3284022808074951, -0.46096643805503845, 0.06115027517080307, 1.064328908920288, -1.0629796981811523, 0.28211918473243713, 0.09505563229322433, 0.9408867359161377, -0.28437960147857666, -0.5449082851409912, -0.692564070224762, -0.2423321157693863, 0.5162102580070496, -0.43329358100891113, 0.26339519023895264, 0.16768532991409302, -0.4979097843170166, 0.4774165451526642, 0.038158077746629715, 1.6874741315841675, 0.8119140863418579, -1.4025381803512573, -0.2012939751148224, -0.19527092576026917, -0.14470453560352325, -1.1608878374099731, -0.0949954017996788, 0.07411840558052063, -0.37652575969696045, 0.40254294872283936, -1.378488540649414, -1.6482731103897095, 0.399366170167923, -0.06890252232551575, 0.17371897399425507, -0.6032804250717163, -1.2271753549575806, -0.17444080114364624, 0.5820220708847046, 0.7921682596206665, 0.3027231991291046, -0.27990373969078064, 0.1005069687962532, -0.01706746406853199, 0.22878819704055786, 0.6989144682884216, 0.8797433376312256, -0.31644749641418457, -0.6439414620399475, -0.14993780851364136, 0.2624504566192627, -1.1055753231048584, 0.9645014405250549, 0.2452642321586609, 0.4325823485851288, 0.3822399079799652, 0.6167429089546204, 1.2748193740844727, 0.643176794052124, 0.4432395100593567, 0.4910238981246948, 0.17946471273899078, 0.8245069980621338, -0.17884035408496857, -0.45967862010002136, 0.12345556914806366, -0.9444506764411926, 0.48187255859375, 1.7150659561157227, -0.18064847588539124, -0.19986413419246674, -0.585302472114563, 0.1152428463101387, -0.4557110369205475, 0.21671734750270844, 0.3014782667160034, -0.022387400269508362, -0.1733817309141159, -0.8021131753921509, -0.17631198465824127, -0.24098221957683563, 0.5065385699272156, 0.9475489854812622, 0.4019099473953247, 0.7214633226394653, 0.02618817612528801, -0.05715426430106163, -1.3061424493789673, -0.2338450700044632, -0.3830429017543793, 0.22526462376117706, 0.7394506931304932, 0.5356377959251404, 0.0556565597653389, -0.6188766360282898, 0.38225623965263367, 1.1492855548858643, 1.2495453357696533, -0.007874085567891598, -0.402757465839386, -0.12445878237485886, -0.041190940886735916, 0.3686932623386383, -0.08411293476819992, -0.7589337825775146, 1.087059497833252, -0.7700207233428955, -0.14146408438682556, 0.3311929404735565, -0.3562704622745514, 0.03914022073149681, 0.19463254511356354, 0.2252829521894455, -0.5916380882263184, 0.028483273461461067, 0.47138115763664246, -0.5499849915504456, 0.4351593554019928, 1.0993585586547852, 0.21960553526878357, 0.10844729095697403, -0.11010101437568665, -0.006642675492912531, -0.04630691185593605, 0.2131081223487854, 1.3385156393051147, 0.11486288905143738, -0.13942869007587433, -0.4616755247116089, -0.07941774278879166, -0.18711529672145844, -0.20465421676635742, 0.18156813085079193, 0.33742618560791016, 0.8953942060470581, 0.06552792340517044, -0.31822946667671204, 0.10292219370603561, 0.127666175365448, -0.2472265511751175, 