{"text": "{\n  \"version\": 2,\n  \"runs\": {\n    \"dbf32daa-f534-42bf-907a-92abb1a1ddbd\": {\n      \"runId\": \"dbf32daa-f534-42bf-907a-92abb1a1ddbd\",\n      \"childSessionKey\": \"agent:main:subagent:37c62907-f422-49a5-a3fe", "embedding": [0.13764457404613495, 0.906041145324707, -2.857405185699463, -0.6228638291358948, 1.291901707649231, -1.5451152324676514, 1.0059711933135986, 0.09179677069187164, 0.2712172865867615, -1.4007526636123657, -1.0037846565246582, 1.347093105316162, 0.03264467418193817, -0.01975255273282528, -0.3565235137939453, -0.26028957962989807, 0.2587493658065796, -1.4131944179534912, 0.06953520327806473, 0.040453195571899414, 0.3814179599285126, 0.18824253976345062, 0.4392929971218109, -0.756139874458313, 1.325093388557434, 0.7626135945320129, -0.8890658020973206, 0.7454261183738708, -1.1022124290466309, -0.574057936668396, 1.1824135780334473, -0.6960005164146423, 0.09943192452192307, -0.883569598197937, -0.8945707082748413, -0.7296498417854309, 0.030580691993236542, 0.31791040301322937, -0.41482648253440857, 0.8265098333358765, -0.1230696365237236, 0.35480746626853943, -0.8551523685455322, -0.6013273000717163, -0.0371926911175251, -0.2020139992237091, 1.2599526643753052, 0.19231858849525452, 1.1156772375106812, -1.4867137670516968, 0.7906429171562195, 9.646790567785501e-05, 0.7205097079277039, -0.20781899988651276, 1.3434926271438599, 0.491289347410202, -1.163593053817749, 0.1455777883529663, 0.6612767577171326, -1.3056302070617676, 0.9406201839447021, 0.7024520635604858, -0.6603806018829346, 1.0485992431640625, 0.07350228726863861, -0.27753862738609314, -0.3766135573387146, 0.553466796875, 0.058259736746549606, -0.6497188806533813, 0.648580014705658, -0.14641918241977692, -0.06913384050130844, -0.0600004717707634, -0.043354202061891556, -0.22600533068180084, -0.17238326370716095, 0.058716051280498505, -0.5690728425979614, 0.9113571643829346, 0.4105028212070465, -0.515826404094696, 0.835112452507019, -0.22866342961788177, 1.1796361207962036, -0.033485669642686844, -1.3168221712112427, 0.24692709743976593, -0.288621187210083, 1.7348805665969849, -0.8405749201774597, 0.24240556359291077, 0.12172837555408478, -0.07515875995159149, -0.535584032535553, 0.22063378989696503, 0.28830641508102417, 0.21385487914085388, -0.42826080322265625, 0.6291478276252747, -0.7499986290931702, 0.1458175927400589, 0.3063642084598541, -0.011103359051048756, -0.2483489066362381, 0.9102345108985901, 0.042597416788339615, 0.2853965163230896, -0.7010717988014221, 0.4765245020389557, -0.4815104007720947, 0.043920163065195084, -0.46061310172080994, 0.32016584277153015, 0.06641369313001633, -0.16908903419971466, 0.21482490003108978, 0.12975943088531494, -0.39082449674606323, -0.11037272214889526, -0.2322963923215866, -0.9484156966209412, -0.6342257261276245, 0.04576393589377403, 0.5350660681724548, 0.4433196485042572, -1.1934489011764526, -0.20891033113002777, -0.24656526744365692, -0.29022476077079773, -0.5301669239997864, -0.004618581850081682, -0.5072106719017029, 0.40397801995277405, 0.17992715537548065, 1.4331544637680054, -0.8415496349334717, -0.656928539276123, 0.2313070297241211, -0.4725043475627899, -0.24071340262889862, -0.563025951385498, -0.0788046270608902, -0.17939141392707825, 0.24119281768798828, -0.9148294925689697, 0.41445016860961914, -0.20325158536434174, -0.8933742046356201, 0.8688945770263672, -0.35275256633758545, 0.294820636510849, -0.5417932271957397, 0.4680676758289337, 0.5291679501533508, 0.49390119314193726, 0.06447041779756546, 0.15981629490852356, 0.28572091460227966, 0.697460949420929, 0.10024341940879822, 0.09671708941459656, -0.5852377414703369, 0.6526562571525574, -0.3151187598705292, -0.3937791883945465, 0.9631890058517456, 1.6605963706970215, 0.4545513689517975, 0.39735519886016846, -0.8992583751678467, -0.6060007810592651, -0.0628734678030014, 0.657170295715332, -0.4655350148677826, -0.21000663936138153, 0.9325696229934692, -0.6168167591094971, 0.2768970727920532, -0.43131178617477417, 0.3154802918434143, -0.6946367621421814, -0.26818037033081055, 0.07658398896455765, -0.7912469506263733, 0.4694858193397522, 0.1846771538257599, -0.46742403507232666, -0.08484919369220734, -0.43807438015937805, 0.64634108543396, -0.5133575201034546, -1.1467896699905396, -0.17220638692378998, -0.5182805061340332, -0.7805669903755188, 0.5849988460540771, -0.24404017627239227, 0.891281008720398, -0.6192052960395813, -0.4574105441570282, -0.17730143666267395, -0.09156419336795807, 0.9283390641212463, -0.2644484341144562, 0.04179489240050316, -0.35287541151046753, 0.4953196048736572, -0.23948714137077332, 0.536628246307373, 0.5568971633911133, -0.25317010283470154, -0.34556514024734497, -0.04751073569059372, 0.49930670857429504, 0.34174081683158875, 0.43001654744148254, -0.5155851244926453, -1.4081720113754272, 0.03400397673249245, 0.5941442847251892, 0.09189566969871521, 0.5702586770057678, -0.43931010365486145, -0.06562579423189163, 0.07493818551301956, -0.922584593296051, 0.2503558397293091, -0.7344398498535156, -0.6789340376853943, 0.20849868655204773, -1.3502020835876465, 0.9163841009140015, -0.14082281291484833, 0.0880558118224144, 0.4298229217529297, -0.5328105688095093, 0.5137664079666138, 0.3268553614616394, 1.4255248308181763, -0.2351241409778595, 0.8246275782585144, -0.05572560429573059, 0.7699697017669678, -0.27278995513916016, -0.7836356163024902, -0.26404884457588196, 0.06679672002792358, 0.1681349277496338, 1.0394712686538696, -0.14073289930820465, -0.3804935812950134, 0.6794758439064026, 0.06912267953157425, 0.6946957111358643, -0.44111159443855286, -0.4539828300476074, 0.678968608379364, 0.7987707257270813, -0.542190432548523, -0.34008127450942993, 0.2643902003765106, 0.1757841259241104, 0.1117815300822258, 0.3199462294578552, -1.9719265699386597, -0.4352210760116577, 0.15703493356704712, -0.4560195207595825, 0.6642457246780396, 0.33831846714019775, 0.8438801169395447, 0.0858905017375946, 0.7983514666557312, 0.12371505796909332, 0.623244047164917, 0.42470505833625793, -0.022717837244272232, -0.31127747893333435, 0.9801311492919922, -1.4822447299957275, -0.46742352843284607, -0.6823699474334717, 1.0535808801651, 0.3746984601020813, -0.42929312586784363, -0.6502767205238342, -0.4031684398651123, -0.3458879590034485, -0.07711298018693924, -0.07280053198337555, 0.6959760785102844, -0.42301273345947266, 0.4799688160419464, -0.1499350517988205, -0.009532400406897068, 0.41768407821655273, -0.1883053034543991, -0.9369613528251648, 0.02960626594722271, 0.4868027865886688, 1.0529758930206299, 0.5575342774391174, 0.5048326849937439, -0.1467316597700119, -0.8521203994750977, -0.30457112193107605, 0.028803404420614243, 0.3397396206855774, 0.9664278626441956, -0.4497951865196228, 0.41920122504234314, -0.23087160289287567, 0.06251825392246246, -0.07452858239412308, 0.34654906392097473, 0.700173556804657, 0.8151990175247192, 0.5383482575416565, 0.009997286833822727, -0.5336812734603882, -0.8750810027122498, -0.5884647965431213, -0.7624434232711792, 0.3754692077636719, 1.0722862482070923, -0.05190596356987953, 1.3196187019348145, -0.6365182995796204, -0.2346889078617096, 1.092096209526062, 0.6331221461296082, -0.12158041447401047, -0.5457640290260315, -0.6351467370986938, -0.3602989912033081, 0.30042052268981934, 0.7236980199813843, 0.26344165205955505, 0.5948455333709717, 1.0771126747131348, -0.24551714956760406, 0.2643442451953888, -0.24592825770378113, -0.3491054177284241, -0.43863898515701294, -0.5184193253517151, 0.19173961877822876, 0.2721180319786072, 0.5469722151756287, -0.6063644886016846, -0.22330686450004578, 0.08842403441667557, 0.5878000259399414, 0.8403857350349426, -0.3776535093784332, -0.07334761321544647, 0.31630945205688477, -0.7039089798927307, -0.18116003274917603, 1.295759916305542, 0.27360957860946655, -0.025871414691209793, -0.30692359805107117, 0.6191691756248474, 0.7466694712638855, 0.7921321988105774, -0.27775493264198303, 0.5487613081932068, -0.11602775007486343, -0.05555366352200508, -0.4322008788585663, 