{"text": "{\n  \"count\": 3,\n  \"sessions\": [\n    {\n      \"key\": \"agent:main:subagent:8a44f2e2-0d94-4d1d-b2fc-50ab03271ee1\",\n      \"kind\": \"other\",\n      \"channel\": \"telegram\",\n      \"displayName\": \"telegram:g-agen", "embedding": [-0.2915048897266388, 0.6207358837127686, -3.1522216796875, -1.3668111562728882, 0.5430483818054199, -1.2724857330322266, 0.2502327263355255, -0.4202893078327179, 1.0329623222351074, -0.013781523331999779, -1.936060905456543, 0.48141980171203613, -0.20902404189109802, -0.4157891273498535, 0.285333514213562, -1.203359603881836, -0.2965804636478424, -0.6812574863433838, -0.7331125140190125, 0.11230631917715073, 0.2696083188056946, 0.0029930341988801956, 0.2032320648431778, -1.283930778503418, 1.444427490234375, 1.5451440811157227, 0.2972758412361145, 0.5273303985595703, -0.31663212180137634, 0.035525672137737274, 0.3987942337989807, -0.0470576137304306, -0.4728475511074066, -0.27148839831352234, -0.9424612522125244, -1.2491039037704468, -0.30425217747688293, 0.6636078953742981, -0.6048577427864075, -0.4914688467979431, 0.24721889197826385, -0.04489295557141304, 0.0863671749830246, -0.5701430439949036, -1.0450859069824219, -0.7527976632118225, 0.28325387835502625, 0.6019331812858582, 1.7018476724624634, -0.838247537612915, 0.5727365016937256, -0.15970492362976074, 0.05783378332853317, -0.6285058259963989, 1.7649611234664917, 1.254990577697754, -2.3477602005004883, -0.7581745982170105, 0.6495372653007507, 0.2269749939441681, 1.713436245918274, -0.46976447105407715, -0.375232458114624, 1.5297489166259766, 0.9588238596916199, -0.0024700001813471317, -0.9171295166015625, 0.7552803158760071, 0.502358078956604, -0.6932007074356079, 0.5284448266029358, -0.355304479598999, 0.8428545594215393, -0.22415588796138763, 0.05395941808819771, 0.550761878490448, -0.2468184530735016, 0.030537886545062065, -0.631573498249054, 0.7943320870399475, -0.36857977509498596, -0.9100921154022217, 0.8715953826904297, -0.569698691368103, 0.3102606236934662, -0.22403909265995026, -1.3838951587677002, 0.4414832293987274, -0.6749441623687744, 1.2011147737503052, -0.6678494811058044, 0.0361434742808342, 0.9446961283683777, 0.11513888835906982, -0.9802303314208984, 0.43077024817466736, -0.004039330407977104, -0.08926492929458618, -0.7881597876548767, 0.2771192789077759, -0.6344359517097473, 0.26011306047439575, -0.392962783575058, -1.0085852146148682, -0.07672006636857986, 1.1741163730621338, -0.3696174919605255, -0.06767967343330383, -0.2390660047531128, 0.39862295985221863, -0.2404537796974182, 0.3454982340335846, 0.17562387883663177, -0.0072224619798362255, 0.5430070757865906, -0.803216814994812, -0.07287218421697617, -0.16552488505840302, 0.4034859538078308, -0.621286153793335, -0.12521159648895264, -1.1693954467773438, -0.598839521408081, 0.29259514808654785, 0.45538315176963806, -0.0837690681219101, -0.2826613485813141, 0.9672143459320068, -0.8023462295532227, 0.20792677998542786, -0.7520456314086914, -0.2728436589241028, -1.3549011945724487, 0.5537739992141724, 1.2486871480941772, 0.5972405076026917, -1.0842018127441406, -0.5971348881721497, -0.4118556082248688, 0.31046560406684875, -0.4682009220123291, -0.24004945158958435, 0.2750113308429718, -0.5567476749420166, 0.25856679677963257, -0.7472658157348633, 0.3767639994621277, -0.48453643918037415, -0.37068310379981995, 0.22533941268920898, 0.738869309425354, 0.6587597727775574, 0.40569669008255005, 0.1754555106163025, 0.38647735118865967, -0.38083505630493164, -0.23880352079868317, -0.15045365691184998, 0.2240705043077469, 1.7822834253311157, -0.12938687205314636, -0.5241297483444214, -0.6866587400436401, 0.948982298374176, -0.2555718421936035, -0.6648657321929932, 1.465856671333313, 0.930383026599884, 0.13533399999141693, 0.7621312737464905, -0.06722378730773926, -0.34742897748947144, -0.8192507028579712, -0.49257734417915344, -0.8564005494117737, 0.1936991661787033, 0.3550405502319336, -0.8301373720169067, 0.45950189232826233, -0.45022252202033997, 0.5739830732345581, -0.5048426389694214, -0.001108450465835631, -0.18983116745948792, -1.1627322435379028, 0.3314560651779175, -0.24788223206996918, -1.890945315361023, -0.47971922159194946, -0.6945542693138123, 0.0644109696149826, 0.24689288437366486, -0.18291057646274567, -0.11115087568759918, -0.1945449411869049, -0.5526048541069031, 0.6832547187805176, -0.8382552266120911, 0.44901880621910095, -0.6022209525108337, -0.5135907530784607, -0.501115083694458, -0.1457621455192566, 0.5403103828430176, 0.170015349984169, 0.3676920533180237, -0.23354926705360413, 1.2024257183074951, 0.1668878048658371, -0.0055593703873455524, 0.6039561033248901, 0.3708890378475189, -1.0333330631256104, 0.31058093905448914, 0.2561465799808502, 0.016782518476247787, 0.12423426657915115, -0.7531662583351135, 0.17083698511123657, 0.014300062321126461, 1.218914270401001, 0.9375274181365967, 0.4768771827220917, -0.34509962797164917, 0.23684686422348022, 0.25579628348350525, -0.8794831037521362, 0.6329182982444763, -0.5991743206977844, -0.10576871782541275, -0.7962530255317688, -0.7456952333450317, 0.22188648581504822, -0.5356687307357788, -0.9893386363983154, 0.39604896306991577, -0.6616786122322083, 0.7238821387290955, 0.0735202506184578, 1.01315176486969, 0.44025057554244995, 0.38890498876571655, -0.34605199098587036, 0.40473467111587524, -0.4125300943851471, -0.30499494075775146, -1.2984081506729126, 0.1790914386510849, -0.4547254145145416, 1.1798772811889648, -0.26899269223213196, 0.16249680519104004, 0.921593427658081, 0.6023402810096741, 1.0882229804992676, -0.30348047614097595, 0.1705630123615265, 0.8206376433372498, 0.07035491615533829, -0.6152575612068176, 0.1299721896648407, 0.06390726566314697, 1.1313954591751099, -0.5558295845985413, -0.08905220776796341, -1.983974575996399, 0.2632732689380646, 0.12679409980773926, -0.4222627580165863, 1.1804945468902588, -0.2372984141111374, 0.2873867452144623, 0.22820813953876495, 1.0632838010787964, -0.3834949731826782, 0.8762020468711853, 1.1003915071487427, -0.20943297445774078, -0.48336806893348694, 0.284489244222641, -1.1925396919250488, -0.16250188648700714, -0.4335359036922455, 0.8952887654304504, 0.4377986490726471, -0.4535941779613495, 1.3405581712722778, 0.610877513885498, 0.2502411901950836, -0.38258129358291626, 1.6166151762008667, 0.2560785412788391, -0.37796780467033386, 1.0715304613113403, 0.2902074456214905, -0.7721946835517883, 0.6181941032409668, -0.7168377041816711, 0.19222863018512726, 1.2555279731750488, 0.0015552224358543754, 0.9097835421562195, 0.06842691451311111, -0.31617483496665955, -0.5064470767974854, -1.064919114112854, 0.14789558947086334, 0.42306363582611084, 0.27001991868019104, 0.7583295106887817, -0.09418220072984695, 0.5719513297080994, -0.4173550605773926, -0.24461546540260315, -0.7210446000099182, 0.30256345868110657, 0.36334896087646484, 0.26227062940597534, -0.013283520005643368, -0.6670950055122375, -1.1336015462875366, -0.5430904626846313, -0.3194463849067688, -0.3579150438308716, 0.6638546586036682, 0.7158021330833435, -0.4114512503147125, 0.9966049194335938, -0.6102843880653381, -0.30802667140960693, 0.45096638798713684, -0.3347740173339844, 0.23054176568984985, 0.36249402165412903, -0.27507907152175903, -0.4520714581012726, -0.07830549776554108, -0.3793104290962219, -0.4014633297920227, 0.5516526103019714, 0.917811930179596, -0.49964848160743713, 0.2128245234489441, -0.544547975063324, -0.4418170154094696, -0.36511504650115967, -1.0964953899383545, 0.3705386519432068, 1.1151175498962402, -0.03935762122273445, -1.6191201210021973, -0.04645256698131561, -0.6078131794929504, 0.5074079036712646, 0.5122280120849609, -0.6666838526725769, -0.06174531206488609, 1.2668534517288208, -0.1953573375940323, -0.26429176330566406, 1.6279590129852295, 0.18867221474647522, 0.08252155780792236, -0.8745278120040894, 0.7625554203987122, 0.23729348182678223, 0.7623758912086487, 0.17176878452301025, 1.6130441427230835, 0.6210768818855286, -0.9159424901008606, -0.7521136999130249, 