{"text": "{\"train\": [{\"input\": [[0, 0, 0, 2], [2, 0, 0, 0], [0, 2, 2, 2], [0, 0, 0, 2], [2, 0, 2, 0], [0, 2, 2, 0], [7, 7, 7, 7], [6, 0, 6, 6], [6, 0, 0, 6], [0, 6, 6, 6], [6, 0, 0, 0], [6, 0, 0, 6], [0, 0, 6, ", "embedding": [-1.420342206954956, 0.4642064869403839, -3.7175333499908447, -1.5345478057861328, 1.3022832870483398, -1.1670185327529907, 0.9776400923728943, 0.6939895749092102, -1.6817258596420288, -1.6943613290786743, -1.4729470014572144, 1.5515938997268677, 1.0054395198822021, 0.5366796255111694, 0.4890383183956146, -0.6170238256454468, 1.007915735244751, -1.455782175064087, 1.094243049621582, 0.7949935793876648, 1.0333304405212402, 0.6295143365859985, 0.4826892614364624, -0.5184741616249084, 1.4889006614685059, 0.6560842990875244, -0.5856778025627136, 0.1000765711069107, -1.6556659936904907, 0.6683159470558167, 0.776777446269989, -0.6163472533226013, 0.43527159094810486, -1.0610252618789673, -1.9816769361495972, -0.24336571991443634, 0.8261144161224365, -0.5883131623268127, 0.8429120779037476, 0.07305952161550522, 0.8969120979309082, -0.7768858075141907, -0.5744521021842957, -0.5902045965194702, 0.3900930881500244, -1.22451913356781, 1.2960325479507446, -0.35347723960876465, -0.49548768997192383, -0.15963074564933777, -0.4792592227458954, -0.08945023268461227, -0.7710772156715393, -1.545755386352539, 1.8040045499801636, 1.0195715427398682, -0.9575168490409851, -0.02655475027859211, 0.7730016708374023, -0.48930591344833374, 0.2631250023841858, 0.6087019443511963, -1.4149999618530273, 1.3032974004745483, 1.0544559955596924, 0.37264183163642883, -0.25636687874794006, 0.9201973080635071, -0.4640021324157715, 0.7182711958885193, 1.0604714155197144, -0.18452012538909912, -0.08130091428756714, -0.44914019107818604, -0.3288525640964508, 0.1724976748228073, -0.13199102878570557, 0.2165149450302124, -0.6314046382904053, 0.10972998291254044, 0.15912719070911407, -1.0560252666473389, 0.2882278859615326, -0.003974410705268383, 0.7277359962463379, -0.8139716386795044, -0.2866065502166748, -0.8876922130584717, -2.099384307861328, 0.707822322845459, -0.0643412172794342, 0.4710099995136261, 0.8385906219482422, 0.3210330009460449, -0.16718873381614685, -0.8503413200378418, -0.9192333221435547, -0.26542922854423523, 0.7819392681121826, -0.8150721192359924, -0.1105412095785141, 0.025181381031870842, -0.4715128540992737, -1.827954888343811, 0.981867253780365, 0.3177703619003296, 0.34589967131614685, -0.38016843795776367, 0.040741804987192154, -1.3322468996047974, -0.5925737023353577, 0.15399569272994995, -0.3970777988433838, -0.860012412071228, 0.4094815254211426, -0.6527058482170105, -0.49135011434555054, -1.194501280784607, -0.6026929616928101, 0.05644538626074791, 0.30090001225471497, -0.26457875967025757, -1.1143162250518799, -0.02578701637685299, 1.2318735122680664, -0.13517402112483978, -0.4988616108894348, 0.9275916218757629, 0.14325116574764252, 0.07441167533397675, 0.42195698618888855, -0.2594132721424103, -0.8634609580039978, 0.07958504557609558, 0.7447662949562073, 0.9241578578948975, -0.9997907876968384, -1.6276073455810547, 0.4129522442817688, -0.02930881269276142, 0.8115310072898865, 0.0972345694899559, -1.111601710319519, -1.5500699281692505, 0.8527788519859314, 0.1401112675666809, 0.23865115642547607, -0.375628262758255, -1.1063815355300903, -0.2993778884410858, 0.2359815090894699, 0.7654012441635132, 0.1615837812423706, 1.1313406229019165, 1.0108351707458496, -0.6782476902008057, 2.0038702487945557, -0.2593751847743988, 0.1659023016691208, 0.46417921781539917, 1.9370595216751099, -1.321556806564331, -0.7533696293830872, 1.0775879621505737, -0.2597002685070038, -0.42585983872413635, 0.6215676069259644, 0.472528338432312, 1.015165090560913, 1.853569746017456, -1.2078242301940918, -1.0089343786239624, -0.8704062104225159, -0.2446805238723755, -1.1177886724472046, 0.8554219007492065, 1.4321908950805664, -0.4320063292980194, 0.6236342191696167, -0.39328688383102417, 0.8198620080947876, -0.9179244637489319, 1.368814468383789, -0.5499860048294067, -0.3047572076320648, -0.49356311559677124, -0.7647853493690491, -0.04246646538376808, -1.0773893594741821, -1.2185357809066772, -0.3694251775741577, -0.007008076179772615, -0.66790771484375, -0.12831567227840424, -0.7073575258255005, -0.5208694934844971, 0.8422582745552063, -1.1933497190475464, 0.6776188611984253, -1.0944193601608276, -0.2673324942588806, -0.8505346179008484, -0.33674412965774536, 0.373764306306839, -0.7690088152885437, -0.70876145362854, 0.10893025249242783, 1.1614196300506592, -0.9388319849967957, 0.6790729761123657, 0.8490058183670044, 0.42989587783813477, 1.1255099773406982, 0.9159666299819946, -0.5735048055648804, -1.3976776599884033, 0.7796149253845215, -1.4363603591918945, 0.46449875831604004, 0.32665175199508667, 1.032573938369751, -0.6674340963363647, 0.8726153373718262, 0.10525349527597427, -0.25837135314941406, -0.2956690192222595, -0.0824170932173729, -0.7179253697395325, -1.3706912994384766, 0.3942878842353821, -0.32265526056289673, -0.31093963980674744, 1.2146828174591064, -0.22966068983078003, 0.28900107741355896, -0.3241008520126343, 0.21720018982887268, 1.2806425094604492, -1.1609684228897095, 0.040769778192043304, 0.03354307636618614, 0.9759528636932373, -0.2812286913394928, -0.607017993927002, -0.8892011046409607, 0.049098268151283264, 0.2001892328262329, -0.021042896434664726, 0.4139309227466583, 0.19306793808937073, -0.40336838364601135, 0.37091144919395447, 0.4804319441318512, 1.5910992622375488, 0.6982372403144836, -1.732895016670227, -0.33835020661354065, -0.3008202314376831, -0.1376831978559494, -1.0755155086517334, 0.09806513786315918, 0.3650767207145691, -0.3779377043247223, 0.182012677192688, -1.316365361213684, -1.7766828536987305, 0.4183436632156372, -0.24671393632888794, 0.3137442171573639, -0.6545138955116272, -1.3869138956069946, -0.296177476644516, 0.4764738082885742, 0.5967058539390564, 0.16719354689121246, 0.10755710303783417, -0.056022562086582184, 0.18659347295761108, 0.30416247248649597, 0.6701435446739197, 0.5521945357322693, -0.38608217239379883, -0.6600601673126221, -0.4612949788570404, 0.5033771395683289, -0.9230608940124512, 0.7902175188064575, 0.330563485622406, 0.45982497930526733, 0.06633616983890533, 0.5583229064941406, 1.2945057153701782, 0.8978421688079834, 0.5432829260826111, 0.5168708562850952, 0.26147595047950745, 0.5296769738197327, 0.09941630065441132, -0.22862815856933594, 0.2232334017753601, -0.7395588755607605, 0.4044265151023865, 1.0963374376296997, -0.45528697967529297, -0.43661344051361084, -0.48421892523765564, 0.3028094470500946, -0.2617151439189911, 0.08191235363483429, 0.4594153165817261, 0.06533859670162201, -0.2632896602153778, -0.8589473962783813, -0.1302090287208557, -0.0239245742559433, 0.5121806859970093, 0.8358405828475952, 0.2029300034046173, 0.5674095153808594, -0.06898495554924011, 0.27515435218811035, -1.2675291299819946, -0.21610818803310394, -0.32104378938674927, 0.10685765743255615, 1.1482505798339844, 0.5756198763847351, 0.1345229148864746, -0.0786445215344429, 0.38914865255355835, 1.0714831352233887, 1.0744819641113281, 0.238427996635437, -0.48469212651252747, -0.2371872514486313, -0.2127980887889862, 0.23402906954288483, -0.20888900756835938, -0.4579005837440491, 0.6729857921600342, -0.9486798644065857, -0.03957338258624077, 0.4339247941970825, -0.16496679186820984, -0.03558146953582764, -0.14066541194915771, 0.15065918862819672, -0.8653294444084167, 0.2874036431312561, 0.39904969930648804, -0.27573254704475403, 0.6622037291526794, 1.0653029680252075, -0.19152235984802246, 0.10844917595386505, -0.1034495159983635, -0.25889694690704346, -0.0628882348537445, 0.2664872705936432, 1.4926795959472656, 0.056678563356399536, 0.30366164445877075, -0.24915005266666412, 0.424731969833374, 0.12275262922048569, 0.1439294070005417, 0.6746174097061157, 0.31763091683387756, 0.7808323502540588, 0.024439090862870216, -0.06489315629005432, -0.0947766974568367, -0.03792775049805641, -0.57699054479599, 0.21767738461494446, 