{"text": "{\r\n  \"total\": 10,\r\n  \"success\": 10,\r\n  \"failed\": 0,\r\n  \"success_rate\": \"100.0%\",\r\n  \"avg_duration_ms\": 97085.9\r\n}", "embedding": [1.5506303310394287, 0.6980123519897461, -4.011316299438477, -0.10922495275735855, 1.4973621368408203, -0.5991320013999939, 1.3727880716323853, 0.06015542149543762, -0.038212865591049194, -0.21445083618164062, -0.44295141100883484, 0.6923239827156067, 1.6079412698745728, 0.302107036113739, 0.02436036989092827, -0.48094838857650757, 0.2271599918603897, -1.8016847372055054, -1.1007546186447144, 1.1568411588668823, -0.13819903135299683, -1.4916795492172241, -0.803501546382904, -0.32764795422554016, 1.393379807472229, 1.1125731468200684, -0.508030354976654, 0.16927503049373627, -1.368904709815979, 0.24090762436389923, 0.6153035759925842, 0.3321892023086548, 0.0634574294090271, -0.8347128033638, -1.5675227642059326, -0.39153534173965454, -0.3459867238998413, -0.2840235233306885, 0.48993849754333496, -0.9328501224517822, 0.48783406615257263, -1.077528953552246, 0.5325655937194824, 0.10151869803667068, 0.38655319809913635, 0.549875795841217, 0.12129154056310654, 0.525917649269104, 0.634746253490448, -0.44587767124176025, 0.5456774234771729, -0.1484948992729187, 0.31594210863113403, -0.7311573624610901, 1.310865879058838, 0.8239525556564331, -2.0108981132507324, -0.013556227087974548, 0.4842880666255951, 0.04607820883393288, 1.7913248538970947, -0.25221455097198486, -0.06752271950244904, 1.1824641227722168, 0.9392085671424866, -0.08431879431009293, -0.4278637766838074, 0.9232370257377625, -0.10041951388120651, -0.28273165225982666, 0.8023483157157898, -0.30551156401634216, -0.1870531588792801, 0.1845206618309021, -0.8173637390136719, -0.39615580439567566, -0.8389401435852051, -1.0016525983810425, -0.023871125653386116, 0.43877410888671875, 0.3059536814689636, -0.9341874122619629, 0.38535210490226746, -0.11283496022224426, 0.7239214181900024, -0.8287795186042786, -0.23044420778751373, -0.6992152333259583, -1.2836745977401733, 1.6808935403823853, 0.2711551785469055, 0.9321199655532837, 0.2673772871494293, 1.0524975061416626, -1.3485742807388306, -0.044115278869867325, -0.09443840384483337, 0.6047016978263855, -0.22033078968524933, 0.8359717726707458, -0.1024722307920456, 0.4984985291957855, -0.29554516077041626, -0.41269221901893616, 0.5976430773735046, 1.5180411338806152, 0.666713297367096, -0.35628557205200195, 0.20758025348186493, 0.17604456841945648, -0.7276323437690735, 0.32352808117866516, -0.326764851808548, -0.9815220236778259, 0.033088911324739456, 0.09601014107465744, 1.5644948482513428, -0.7037429809570312, -0.546497642993927, -0.02569379098713398, 0.34510138630867004, -0.06983358412981033, -0.006348805036395788, 0.3601545989513397, -0.9990663528442383, -0.10095369815826416, -0.3525296449661255, 0.8567816019058228, 0.23791982233524323, 0.19159452617168427, 0.12055797874927521, -0.802980899810791, -0.7571296691894531, 0.5580194592475891, 0.3407105505466461, 1.4255778789520264, 0.16694074869155884, -0.34837672114372253, -0.2058386653661728, 0.5665000081062317, -0.23596790432929993, -0.9088732600212097, -0.017330210655927658, 0.2461852878332138, -0.18365605175495148, -1.3326613903045654, 0.7674342393875122, 0.23575498163700104, -0.9311862587928772, 0.184779092669487, 0.46800845861434937, -0.5333467721939087, 0.2867506444454193, 0.48297274112701416, 0.05135438218712807, -1.107834815979004, -0.03452108055353165, 0.15956199169158936, 0.1408858746290207, 0.1886017918586731, 1.382112741470337, 0.0583064928650856, -1.0189242362976074, 0.7868407368659973, -0.39435896277427673, -0.7290440201759338, 0.17286568880081177, 0.7104924321174622, 0.11599916219711304, 0.28288182616233826, -0.9027531743049622, -0.8701027035713196, -0.2501312792301178, -0.2635670304298401, -0.3947496712207794, 0.22222815454006195, 0.36926189064979553, 0.12021768093109131, 0.2520144283771515, -0.6089857220649719, 1.3943064212799072, -1.0448561906814575, 0.370411217212677, 0.19011689722537994, 0.07598083466291428, -0.5226158499717712, 1.4830745458602905, 0.10319683700799942, -1.2598108053207397, -0.05434441566467285, 0.3111071288585663, 0.06950497627258301, -0.8513081073760986, -0.32923510670661926, -0.8512253165245056, 0.23673926293849945, 1.579744815826416, -0.1371430605649948, 1.0550132989883423, -0.7204452157020569, -0.454238623380661, 0.8885670304298401, -0.6189354658126831, -0.029759032651782036, -1.2901380062103271, 0.23645825684070587, 0.3210300803184509, 1.1998554468154907, -0.4664219915866852, 0.9061493277549744, 1.3210391998291016, -0.40731561183929443, -0.44601207971572876, 0.3896990120410919, 0.1260545253753662, -0.7381227612495422, -0.31249484419822693, -0.6620707511901855, -0.018169540911912918, 0.771581768989563, 0.1625545620918274, 0.1453516036272049, -0.30525705218315125, -0.6932836174964905, 1.21918785572052, 0.4795680642127991, -1.29226815700531, 0.2999311089515686, -0.807389497756958, 0.4187450706958771, 0.41061148047447205, -0.9457374811172485, 0.5082414150238037, -0.21396256983280182, -0.4925259053707123, 0.9194484353065491, -0.31644129753112793, 0.759185254573822, 0.4437805414199829, 0.9399254322052002, 0.2947566509246826, 0.28908026218414307, -0.5110722184181213, 0.3341512382030487, -0.895686686038971, 0.016244282945990562, -0.8164370059967041, 0.04282965883612633, -0.1659204065799713, 0.8780544996261597, -0.1397712379693985, 0.707909882068634, 1.1765196323394775, 0.2625277042388916, 0.5559206604957581, -0.1725168079137802, -0.9188524484634399, -0.05497163534164429, -0.013630110770463943, 0.21491603553295135, -0.05086984485387802, -0.07224495708942413, 0.4036993682384491, -0.567470371723175, -0.776557207107544, -1.1648939847946167, -0.6430714130401611, -0.4236728250980377, 0.11724472045898438, -0.1782880276441574, 0.34296125173568726, 0.4496114253997803, 0.5460917353630066, 1.3696216344833374, 0.6281216740608215, -0.22572782635688782, 0.8526608943939209, 0.5514095425605774, 0.31470149755477905, -0.19914409518241882, -1.596949815750122, -0.6789631247520447, -0.28740862011909485, 0.24750849604606628, 0.16608096659183502, -0.29145750403404236, 1.07509183883667, -0.07560451328754425, 0.339033842086792, 0.6288251876831055, -0.10382171720266342, -0.0868457779288292, -0.48122504353523254, 0.2900109589099884, 0.21468554437160492, 0.30721521377563477, 1.5333950519561768, -0.5161741375923157, 0.5114997029304504, -1.0124297142028809, -0.4545508921146393, 0.6155015826225281, 0.2019849568605423, -0.2817975580692291, -1.040708065032959, -0.5967049598693848, -0.08624254167079926, 0.3180152475833893, 0.9796366691589355, -0.06950914114713669, 0.10451357811689377, 0.027868321165442467, -0.5225145220756531, 0.4655911326408386, 0.028078850358724594, 1.0809316635131836, 0.330746054649353, 0.6318404674530029, 0.4254222512245178, 0.5735929608345032, 0.23329168558120728, -0.858548641204834, -0.20057997107505798, -0.4173342287540436, 0.14012719690799713, 0.49465298652648926, -0.4692370295524597, 0.9410744309425354, -0.32869380712509155, 0.5336163640022278, 0.233098104596138, 0.3978542685508728, 0.08754236996173859, -1.0667775869369507, 0.33267492055892944, 0.8770627975463867, -0.11056763678789139, 0.08733946084976196, -0.37055280804634094, 1.2483389377593994, 0.22351734340190887, 0.15076035261154175, 0.17208416759967804, -0.7176107168197632, -0.37306150794029236, 0.11682294309139252, -0.8292205333709717, -0.37241339683532715, 0.5130633115768433, 0.537505030632019, -0.5329820513725281, 0.06859409809112549, -0.4189143180847168, -0.3445262014865875, 0.7192800641059875, 0.14831499755382538, 0.7266865372657776, 1.375159740447998, 0.4134202003479004, -0.07613954693078995, 1.2438666820526123, 0.6746734380722046, -0.31730586290359497, -0.6613497138023376, -0.2919027805328369, 1.20937180519104, 0.4240478575229645, 0.3922652304172516, 0.32749876379966736, -0.3566228449344635, -0.34887754917144775, -0.21468016505241394, 0.46893981099128723, 0.11469698697328568, -0.07117588818073273, 0.4262826442718506, -1.8698426485061646, 