{"text": "{\n  \"pollInterval\": 1000,\n  \"timeout\": 30,\n  \"logInteractions\": true,\n  \"handlers\": {\n    \"quiz\": {\n      \"enabled\": true,\n      \"showCorrectAnswer\": true\n    },\n    \"confirm\": {\n      \"enabled\": true", "embedding": [0.5490496158599854, 0.6922532320022583, -2.974919557571411, -0.773569643497467, 2.417865753173828, -0.4273480474948883, 1.3432481288909912, -0.12295133620500565, 0.9420991539955139, -0.5154837369918823, -1.4829038381576538, 0.260456919670105, 0.7726064920425415, 0.6424316763877869, 0.7617492079734802, -2.5150866508483887, 0.32315102219581604, -1.5115318298339844, 0.1679822951555252, 1.160843014717102, 0.3590600788593292, -0.010928967036306858, -0.9865925908088684, 0.009054386988282204, 1.7573696374893188, -0.42554980516433716, 0.09745306521654129, 0.9603615403175354, -1.0755497217178345, 0.1493084877729416, -0.23420150578022003, 0.02025035209953785, 0.35981711745262146, -0.3935236632823944, -0.6271166801452637, -0.8541158437728882, 0.47008922696113586, -0.4726875126361847, -0.6042117476463318, -0.0530896931886673, 0.21110069751739502, 0.0650530681014061, 0.39438357949256897, -0.8005762100219727, 0.6806067228317261, -0.2614872455596924, -0.050331227481365204, 0.6298059821128845, 1.1803922653198242, -1.691530466079712, -0.30070799589157104, -0.5092308521270752, -0.0781562402844429, -0.6177950501441956, 0.2600395381450653, 1.58778715133667, -0.8395084738731384, 0.7262842059135437, 0.9663938283920288, 0.18078647553920746, 0.6901928186416626, 1.3323590755462646, 0.0021087618079036474, 0.7460347414016724, 0.8922356367111206, -0.36466148495674133, -0.3966246545314789, 0.9656916260719299, -0.2032671868801117, 0.3516579568386078, 0.2782120406627655, -0.5641747713088989, -0.5952169299125671, 0.6588095426559448, -0.765957236289978, 0.5886427760124207, -0.49069300293922424, -0.5054556131362915, 0.8161615133285522, 0.03991423547267914, -0.3388986587524414, -0.8760270476341248, 0.5897382497787476, -0.33112049102783203, 0.48372533917427063, 0.23607271909713745, -0.8375229835510254, -0.2992032766342163, -0.5311635732650757, 1.6832244396209717, 0.6776255369186401, -0.3169693648815155, 0.41632357239723206, 0.2903151214122772, -0.8012292981147766, 0.5148397088050842, 0.37330320477485657, -0.18962498009204865, 0.14319129288196564, 0.025991160422563553, 0.2935989797115326, 1.153977870941162, -1.1147915124893188, -0.5176904797554016, 0.06930012255907059, 1.0951199531555176, 0.10345178097486496, -0.7438367009162903, -0.6770148873329163, -0.4309006631374359, -0.31259408593177795, 0.9742063283920288, -0.42171069979667664, 0.004599946551024914, 0.6623435020446777, -0.03625195473432541, 0.8915751576423645, -0.7932347655296326, 0.004436780698597431, -0.03317629545927048, -0.900747537612915, -0.054163530468940735, -0.6650595664978027, 0.868198573589325, -0.09229748696088791, -0.118778295814991, -0.9340391159057617, 0.8428217172622681, -0.5827813744544983, -0.6900086402893066, -1.0525964498519897, 0.2403845340013504, 0.09279058873653412, 0.3013066351413727, -0.116405189037323, 0.6911097168922424, -0.9075731635093689, -0.23103369772434235, -0.2365603744983673, -0.8941614031791687, -0.4266524016857147, 0.07693958282470703, -0.44828543066978455, -1.0698637962341309, -0.23296348750591278, -1.3038462400436401, 0.27105098962783813, 0.3348802924156189, -0.17648251354694366, 0.3820355236530304, 0.44012632966041565, 0.33548274636268616, 0.6789906620979309, 0.2128705084323883, 1.1883749961853027, -0.338666707277298, 0.8365550637245178, 0.39284396171569824, 0.4662632346153259, 0.605319082736969, 1.0494370460510254, 0.17396274209022522, -0.5468108057975769, 0.8225707411766052, -0.030700385570526123, -0.638631284236908, 0.19758987426757812, 0.3412862718105316, -0.842175304889679, 0.7669512033462524, -1.6332371234893799, -0.6860002875328064, 0.13174910843372345, -0.2580925524234772, -0.1893073320388794, -0.7426400780677795, 0.7852902412414551, -0.14962975680828094, 0.677211582660675, -1.2824912071228027, 0.48841118812561035, -0.6929779052734375, 0.8452252745628357, 0.27871277928352356, -0.27288389205932617, -0.03539825230836868, 0.25442132353782654, -0.07170629501342773, -0.483297199010849, -1.3770861625671387, 0.33486706018447876, -0.5872532725334167, -0.8136822581291199, -0.6829686760902405, -0.538017213344574, -1.1925727128982544, 0.6920390129089355, -0.32459142804145813, 0.12156848609447479, 0.07356831431388855, -0.6351694464683533, -0.17674964666366577, -0.7116113901138306, 0.2482551485300064, -0.9217907190322876, 0.8416231870651245, 0.19185256958007812, 1.6477954387664795, -0.4961211085319519, 0.2131769061088562, 2.0142736434936523, 0.015915632247924805, 0.05679807811975479, 0.5517379641532898, 0.48111674189567566, 0.16201084852218628, 0.30711129307746887, 0.022060222923755646, -0.15297600626945496, 0.3857622742652893, 0.9139312505722046, -0.3504585027694702, -0.2762673497200012, -0.5131295323371887, 0.4584551453590393, 0.2752230763435364, -0.7211888432502747, 0.4436294436454773, -0.2400386929512024, -0.11694429814815521, -0.06809632480144501, -1.526607871055603, 0.9103090763092041, 0.14858028292655945, 0.057813048362731934, 0.33442360162734985, -0.2042393982410431, 1.3663922548294067, -0.4442930221557617, 0.5891595482826233, 0.42763587832450867, 0.7961491346359253, -0.3775801956653595, 0.5793054699897766, -0.0026024554390460253, -0.63227379322052, 0.0259800236672163, -0.46473121643066406, -0.07144739478826523, 0.9589989185333252, -1.0119729042053223, 0.31029680371284485, 0.5737836360931396, 0.5497878789901733, 0.38163578510284424, -0.912991464138031, -0.5352374911308289, 0.8946043252944946, -0.2371862530708313, -0.1694740653038025, 0.4960983991622925, 0.04343581572175026, -0.013330554589629173, -0.19285152852535248, -0.5107529163360596, -0.9231672286987305, -0.17576630413532257, -0.4761837124824524, 0.00016794590919744223, 0.17471063137054443, -0.34524741768836975, 0.26981377601623535, 0.09633877873420715, 1.782525897026062, 0.0660470500588417, -0.09531485289335251, 0.47840866446495056, 0.05388835445046425, 0.3187781274318695, 0.2745647132396698, -0.7551916241645813, -0.004065248649567366, -0.7282874584197998, 0.5224880576133728, -0.04567301273345947, 0.8559296727180481, -0.5446921586990356, 0.5912588238716125, 0.3938811421394348, -0.1467229425907135, 0.4973037838935852, 0.6351833343505859, -0.4165014326572418, 1.0612552165985107, -0.3973676860332489, 0.008874243125319481, 1.1311060190200806, -0.9354105591773987, -0.18447637557983398, -0.7793701887130737, 0.7716381549835205, 0.6582042574882507, 1.1133989095687866, 1.5681182146072388, -0.06890490651130676, -0.3931957483291626, 0.3312959372997284, 0.18802621960639954, 0.6175845265388489, -0.6766350865364075, 0.480560839176178, 0.600873589515686, -1.2518028020858765, 0.24877804517745972, -0.5952967405319214, 0.700693666934967, -0.30305933952331543, 0.6023902893066406, 0.11166023463010788, -0.3416456878185272, -0.557830810546875, -1.0775789022445679, 0.2123403549194336, -0.41340377926826477, -0.1449834555387497, 0.24805335700511932, -0.7088762521743774, 0.2024836391210556, -0.2319369912147522, -1.0127898454666138, 0.4856729209423065, 0.6434090733528137, -0.19802099466323853, -0.7784939408302307, 0.3059694766998291, 0.8959031701087952, 0.05617730692028999, 0.1987786591053009, -0.51109379529953, 0.6451037526130676, 0.6274908781051636, -0.028540438041090965, 1.137133240699768, -0.32188647985458374, 0.31729304790496826, 0.7660832405090332, -0.42159509658813477, -0.3863057792186737, 0.18916760385036469, 0.7423692941665649, -0.8626053929328918, 0.4522911310195923, -0.6765583157539368, -0.751969039440155, 0.6820237636566162, 0.5205341577529907, -0.38893336057662964, 0.6169517636299133, 0.3589102029800415, 0.40111345052719116, 0.9634847044944763, 0.6430824398994446, -1.3362809419631958, -0.10967505723237991, 0.4291519522666931, 1.086175560951233, -0.6829600930213928, 0.6202774047851562, 0.5831564664840698, -0.2731688916683197, 0.22858932614326477, -0.3159942328929901, 0.6108872294425964, 