{"text": "{\n  \"name\": \"openai-proxy\",\n  \"version\": \"1.0.0\",\n  \"lockfileVersion\": 3,\n  \"requires\": true,\n  \"packages\": {\n    \"\": {\n      \"name\": \"openai-proxy\",\n      \"version\": \"1.0.0\",\n      \"dependencies\": {\n", "embedding": [-0.3251610994338989, 1.0719249248504639, -1.7499977350234985, -0.39962679147720337, 0.6514594554901123, -0.7784713506698608, -0.9981211423873901, 0.3530418872833252, 0.6263229250907898, -0.05481734499335289, 0.23673167824745178, 0.5251303315162659, 0.31846293807029724, -0.32115939259529114, 0.4347977936267853, -0.08866012841463089, 0.2087649255990982, -0.07352062314748764, 0.7005761861801147, 0.14945088326931, -0.25825235247612, -1.6621677875518799, -0.37997761368751526, -0.9365650415420532, 1.9797662496566772, -0.6389390826225281, 0.901606023311615, 0.2977500259876251, -0.9875153303146362, -0.8209406733512878, 1.0686804056167603, -0.5120999813079834, 0.505580484867096, -0.8759361505508423, -0.011470620520412922, -0.9482910633087158, 0.44510647654533386, 0.0172654427587986, 0.12092434614896774, 0.7423714995384216, 0.5526120066642761, -0.1242554634809494, 0.4066911041736603, 0.25705087184906006, 0.4142162501811981, -0.8098269104957581, 0.16109158098697662, 0.554138720035553, 0.6407344341278076, -1.0006989240646362, 0.8610215187072754, 0.2903796434402466, -0.036672886461019516, -0.44365814328193665, 1.7257864475250244, 0.3640093505382538, -0.5115100145339966, 0.6523580551147461, -0.5199849009513855, -0.7123432755470276, 0.35152849555015564, 1.1228008270263672, -0.35159677267074585, 1.4330765008926392, 1.3141393661499023, -0.7522745728492737, -0.6847646832466125, 0.37634947896003723, 0.9024320244789124, 0.10581133514642715, 0.29189547896385193, 1.0965315103530884, 0.24577541649341583, 0.06543129682540894, 0.005042573902755976, -0.2011839598417282, 0.010079214349389076, -1.2140809297561646, -0.05410352721810341, 1.231109380722046, 0.31527748703956604, 0.2150963693857193, 1.69496750831604, -1.0597012042999268, 0.8183962106704712, -0.40931999683380127, -0.5024921894073486, -0.39321279525756836, -0.660494863986969, 1.3293732404708862, 1.2606608867645264, -0.6503270268440247, -0.7327035665512085, 0.2299390584230423, -0.5289770364761353, -0.27449825406074524, -0.3381623923778534, 1.1920430660247803, -0.6843075156211853, 0.589547872543335, -0.8797047734260559, 0.08014857769012451, -0.021909823641180992, -0.9825788140296936, 0.5290029048919678, 0.9611765146255493, -0.426524817943573, 1.4148709774017334, 0.3292716145515442, 0.49194490909576416, -0.4158649742603302, 0.178651824593544, -0.030037332326173782, -0.5080545544624329, 0.2512151002883911, -0.870015025138855, 1.170783281326294, -0.22286224365234375, 0.15891237556934357, 0.9459221959114075, -0.7639734745025635, -0.4511757493019104, 0.5939709544181824, -0.16892483830451965, 1.352707028388977, -0.3582635223865509, -0.4318313002586365, -0.35511162877082825, 0.17582139372825623, -1.4423868656158447, 0.3381969630718231, -0.004961929749697447, -0.49170148372650146, 0.8097136616706848, 0.32184073328971863, 0.9807563424110413, -0.6398181319236755, -0.3846351206302643, 0.2637708783149719, -0.11056846380233765, -0.5871034264564514, -0.06575875729322433, -0.6423541903495789, -0.07978063821792603, 0.3353484869003296, -0.7554391622543335, 0.929384708404541, 0.543052077293396, -0.5652718544006348, 1.6263141632080078, 0.013007785193622112, 0.5537230968475342, 0.26061564683914185, 0.9727641344070435, 0.009599200449883938, -0.6441766619682312, 0.2764149010181427, 0.09706046432256699, 0.8573092818260193, 0.6315157413482666, 1.1568928956985474, 0.4822220504283905, -0.26795995235443115, 1.2913920879364014, -0.94687420129776, -0.7422009110450745, 0.6785668730735779, 0.6580072641372681, -0.0677543431520462, 1.4313884973526, -0.8312184810638428, -0.21947236359119415, -0.5253289341926575, 0.5933904647827148, 0.10451129823923111, -0.4430583715438843, 0.1070178970694542, 0.10233038663864136, 0.7374085783958435, -0.5709720253944397, 0.7666611075401306, -0.7992868423461914, 0.1050824448466301, -0.04087939113378525, -0.5634706616401672, 0.15663552284240723, 0.42644456028938293, -0.8205006122589111, -0.4545444846153259, -0.3990260064601898, 0.6146405935287476, 0.03897447511553764, -0.4140961468219757, -0.7383351922035217, 0.04021618515253067, -0.5178626775741577, 0.15950720012187958, -0.14816628396511078, 1.198872685432434, -0.1635902374982834, -0.3898618221282959, 0.3507644236087799, -0.1896027773618698, 1.4266548156738281, 0.06141870841383934, 0.1816180944442749, -0.46689558029174805, 0.510315477848053, -0.05947693809866905, 0.6107717752456665, 0.8633867502212524, -0.5859791040420532, -0.7670737504959106, -0.19898881018161774, 0.7011573314666748, -0.11373437196016312, -0.7045013904571533, -0.8450415134429932, -0.4387044608592987, 0.14459310472011566, 1.1073311567306519, -0.08704345673322678, 0.6154720187187195, -0.09912527352571487, 0.41553542017936707, -0.10811101645231247, -0.4960378110408783, -0.19724041223526, -0.4023197293281555, -0.10697150975465775, -0.17981062829494476, -1.0106614828109741, 0.28298676013946533, 0.9799037575721741, 0.536997377872467, 0.20498506724834442, -0.3401992619037628, 0.688785970211029, -0.46859708428382874, 0.44166675209999084, -0.5869923233985901, -0.16943030059337616, -0.3076385259628296, 0.511401891708374, -0.8161646127700806, 0.018338775262236595, -1.106616497039795, -0.6728024482727051, -0.3856324553489685, 0.2132582664489746, -0.03983477130532265, 0.05318787321448326, 0.4645327031612396, 0.6559752225875854, 0.2598158121109009, -0.6726781725883484, -0.17180509865283966, -0.5909644961357117, 0.7821888327598572, -0.92852783203125, 0.46550655364990234, -0.5562269687652588, 0.054817475378513336, -0.30398061871528625, -0.34608808159828186, 0.24486009776592255, -0.20852598547935486, -0.6441055536270142, 0.26220983266830444, 0.26235464215278625, 0.2525177597999573, 0.7093582153320312, 0.3259473145008087, -0.08997152000665665, 0.10635113716125488, 0.43654757738113403, 0.19081467390060425, 0.4900188744068146, -0.6677903532981873, 0.8904799222946167, -0.7916055917739868, 0.43320322036743164, -0.43768811225891113, -0.14837929606437683, 0.6741277575492859, -0.5397728681564331, -0.40607520937919617, -0.2704090178012848, -0.450234055519104, 0.21968147158622742, 0.3540550172328949, 0.09461840987205505, -0.5746414661407471, 1.3988579511642456, -0.5779825448989868, 0.03758322820067406, -0.21642139554023743, 0.07395943254232407, 0.24342364072799683, 0.9205663800239563, 0.7324767708778381, 1.4694558382034302, 0.9369512796401978, 0.6107215285301208, 0.6997736692428589, -0.9028440117835999, 0.07705230265855789, 0.4476828873157501, 0.2714722454547882, 1.2840814590454102, -0.9791475534439087, -0.25798332691192627, 0.6163811087608337, 0.9954290390014648, -1.1558213233947754, 0.4983491003513336, -0.6935432553291321, -0.6663736701011658, 0.29609066247940063, -0.513696551322937, -0.15190908312797546, -1.0926140546798706, -0.9547029137611389, -0.5505845546722412, 0.6421388387680054, -0.20365983247756958, -0.663617730140686, 0.8039650321006775, 0.9698909521102905, -0.6847808361053467, 1.0141940116882324, -0.05026638135313988, 0.8758235573768616, -0.8509777188301086, -0.44427570700645447, -0.13989242911338806, 0.044579118490219116, 0.015677202492952347, 0.20181329548358917, 0.8249741196632385, 0.7439188361167908, -0.7561635375022888, 1.285208821296692, -0.17385318875312805, -0.7496105432510376, -0.3031907379627228, -1.3432743549346924, -0.5448698997497559, 0.45849093794822693, -0.4732704758644104, -0.449014812707901, 1.2107609510421753, 0.17825450003147125, -0.2641184628009796, -0.33535972237586975, -0.8961264491081238, 0.365039587020874, -0.014772053807973862, -0.24516355991363525, -0.005660697817802429, 1.0421245098114014, 0.4566631615161896, -0.05258805304765701, 0.09025809913873672, 0.36492303013801575, 1.2334905862808228, -0.2447444498538971, 0.14455287158489227, 1.0487490892410278, 0.35431843996047974, 0.7239561080932617, -1.2034502029418945, 