{"text": "{\"train\": [{\"input\": [[0, 0, 0, 0, 0, 0, 0, 0, 1, 1], [0, 0, 0, 0, 0, 0, 0, 0, 1, 1], [0, 0, 0, 0, 0, 0, 0, 3, 1, 1], [0, 0, 0, 0, 0, 0, 0, 3, 1, 1], [0, 0, 0, 0, 0, 0, 0, 3, 1, 1], [0, 0, 0, 0, 0, 3,", "embedding": [-0.6942667961120605, 0.1715172678232193, -3.195780038833618, -1.9280339479446411, 1.2774734497070312, -1.0471088886260986, 0.9889994263648987, 0.6193028688430786, -1.5442196130752563, -1.576034665107727, -1.7399340867996216, 1.2268849611282349, 0.7843939065933228, 0.7730095982551575, -0.06565605849027634, 0.12281610816717148, 0.7925950884819031, -0.9013146758079529, 0.8034180402755737, 0.6491881012916565, 0.6999936103820801, 0.2118896096944809, 0.5088149905204773, -0.11369173973798752, 1.2960059642791748, 0.26863256096839905, -0.7357678413391113, 0.09920510649681091, -1.479897141456604, 0.49025964736938477, 0.09860847145318985, -0.8746533393859863, 0.009347737766802311, -0.9301026463508606, -1.659985899925232, -0.2399425357580185, 0.891032338142395, -0.3547821640968323, 0.45856553316116333, 0.527850329875946, 1.1883177757263184, -0.4745262861251831, -0.4622398018836975, -0.4131753742694855, 0.2173437476158142, -1.33487868309021, 1.49959397315979, 0.09464652836322784, -0.23851951956748962, -0.692766547203064, -0.5563493371009827, -0.28369274735450745, -0.9338868856430054, -1.4471005201339722, 1.251190185546875, 1.114429235458374, -0.9832357168197632, 0.024375082924962044, 0.5657891631126404, -0.5911497473716736, -0.08557380735874176, 0.5833486318588257, -0.9540411233901978, 1.085913062095642, 0.7815963625907898, 0.30936628580093384, -0.42373761534690857, 1.2890747785568237, -0.9616287350654602, 0.6686311960220337, 0.8598212599754333, -0.0909724161028862, -0.10640860348939896, -0.3961816430091858, -0.08802596479654312, 0.3304176330566406, -0.22054584324359894, 0.530385434627533, -0.8663136959075928, -0.28543105721473694, -0.007817537523806095, -1.0364294052124023, -0.037528157234191895, -0.011408078484237194, 0.7843700051307678, -0.7918984889984131, -0.42049750685691833, -1.2619197368621826, -1.5443549156188965, 0.6888046860694885, 0.36476895213127136, 0.1373365968465805, 1.2117921113967896, 0.43446263670921326, -0.07570121437311172, -0.640845000743866, -0.7340840101242065, -0.5757392644882202, 0.9269871115684509, -0.9191310405731201, -0.19922496378421783, -0.08103139698505402, -0.5275078415870667, -1.7447714805603027, 0.8718094229698181, 0.7270885109901428, 0.8040496706962585, -0.33699387311935425, -0.1207604706287384, -1.4227321147918701, -0.51063072681427, -0.20792807638645172, -0.03643780201673508, -0.7450404763221741, 0.31200891733169556, -0.6730772256851196, 0.17177645862102509, -0.951806902885437, -0.5317980647087097, 0.030561814084649086, 0.1091691330075264, -0.42619988322257996, -1.1983877420425415, -0.17487375438213348, 0.947659969329834, 0.2755507826805115, -0.23215840756893158, 1.0634291172027588, 0.24000759422779083, -0.5601807832717896, 0.6474142074584961, -0.011322183534502983, -0.8358228206634521, 0.2973623275756836, 0.831591010093689, 1.1508538722991943, -1.0913047790527344, -1.6425074338912964, 0.7175810933113098, 0.17332200706005096, 0.753455638885498, 0.36681923270225525, -1.0915791988372803, -1.4959360361099243, 0.6866248846054077, -0.09193155169487, 0.47193869948387146, -0.07928550988435745, -1.013655662536621, -0.5179774761199951, 0.45070958137512207, 0.7245874404907227, -0.037391599267721176, 1.1564948558807373, 1.218970537185669, -0.5229367017745972, 1.5945522785186768, -0.1528492420911789, 0.29156744480133057, 0.2876603603363037, 1.4527984857559204, -1.2363466024398804, -0.8519909977912903, 0.9772898554801941, -0.2718464434146881, -0.504461407661438, 0.4935767948627472, 0.5002789497375488, 0.423382043838501, 1.3756967782974243, -1.263716220855713, -0.730843186378479, -0.7153022885322571, -0.14952285587787628, -0.9187473058700562, 0.9460552930831909, 1.5029873847961426, -0.24566400051116943, 0.25936347246170044, -0.5663871765136719, 0.9658494591712952, -1.0900782346725464, 1.3207353353500366, -0.5491704940795898, -0.1912313997745514, -0.3221471905708313, -0.7728564739227295, -0.123834028840065, -0.6929449439048767, -1.2249693870544434, -0.8197680711746216, -0.05431497469544411, -0.860882043838501, -0.26665744185447693, -0.7131490707397461, -0.8412702679634094, 1.2382134199142456, -0.8846362829208374, 0.5022233724594116, -1.0528186559677124, -0.388115793466568, -0.45063838362693787, -0.27963942289352417, 0.32013851404190063, -1.0426139831542969, -0.9485322833061218, 0.5431699156761169, 0.9631556272506714, -0.6860924959182739, 0.8296805024147034, 0.70067298412323, 0.8510534763336182, 1.3010939359664917, 0.7121906876564026, -0.5998799800872803, -1.0306644439697266, 1.1224396228790283, -1.2055950164794922, 0.2530919909477234, 0.4541572034358978, 1.1259387731552124, -0.5037856698036194, 0.9876216053962708, 0.16968825459480286, 0.09151947498321533, -0.41887325048446655, -0.22247256338596344, -0.4199008047580719, -0.995415449142456, 0.3297967314720154, -0.2731156349182129, -0.468815416097641, 0.7775236964225769, -0.1096758246421814, 0.6284437775611877, 0.005942787509411573, 0.20331352949142456, 1.3173073530197144, -1.1169116497039795, 0.39521005749702454, 0.13558821380138397, 0.9271860122680664, -0.30101537704467773, -0.885362446308136, -0.6876213550567627, 0.22911781072616577, -0.26576054096221924, 0.03024541586637497, 0.6470491290092468, 0.04346964508295059, -0.31207704544067383, 0.5519300699234009, 0.8636577129364014, 1.316524863243103, 0.34783735871315, -1.9408150911331177, -0.3624388575553894, -0.37258628010749817, 0.3738604187965393, -1.313036561012268, 0.10629062354564667, 0.3411095440387726, -0.6262702345848083, 0.12757067382335663, -0.6090089082717896, -1.4009653329849243, 0.5005499720573425, -0.009829719550907612, 0.2980935275554657, -0.5156829357147217, -1.2278019189834595, -0.13429662585258484, 0.8714950680732727, 0.7774203419685364, 0.024093905463814735, 0.3851618468761444, 0.2125793695449829, 0.2879427373409271, 0.4009692966938019, 0.4148813784122467, 0.6073908805847168, -0.5609470009803772, -0.6250470876693726, -0.539258599281311, 0.4387325346469879, -0.8132393956184387, 0.5635914206504822, 0.05386495962738991, 0.5399272441864014, 0.14468863606452942, 0.469959557056427, 1.0621305704116821, 0.9102794528007507, 0.5770132541656494, 0.008558936417102814, 0.4635363519191742, 0.489628404378891, 0.17454029619693756, 0.02355346456170082, 0.2656755745410919, -0.7563289999961853, 0.40890324115753174, 0.8618608713150024, -0.08725249022245407, -0.6117408275604248, -0.41420453786849976, 0.7506257891654968, -0.13375958800315857, -0.04079877957701683, 0.4033339023590088, 0.02569262497127056, -0.2761158347129822, -0.8338559865951538, 0.1990147978067398, -0.09672091901302338, 0.6233347058296204, 0.4559630751609802, 0.16187343001365662, 0.7403082847595215, 0.12609070539474487, 0.4606322944164276, -1.0780675411224365, -0.24495044350624084, -0.5495960712432861, -0.4152492880821228, 1.3021893501281738, 0.5751515030860901, 0.16138404607772827, -0.1126759871840477, 0.18339113891124725, 1.4703768491744995, 1.1666476726531982, 0.3648141920566559, -0.797210156917572, -0.058323934674263, -0.1860262006521225, -0.09190305322408676, -0.37289875745773315, -0.5137417316436768, 0.6706310510635376, -1.2655599117279053, -0.04637111350893974, 0.2526514530181885, -0.17586025595664978, -0.18151602149009705, 0.28941500186920166, -0.2913621664047241, -0.4858766794204712, 0.7460978031158447, 0.16513127088546753, -0.4055066704750061, 0.8539990782737732, 0.9348251819610596, -0.3959846496582031, 0.42881596088409424, -0.18640531599521637, -0.26812440156936646, 0.03414849936962128, 0.39321368932724, 1.0617953538894653, 0.47619014978408813, 0.5234869122505188, -0.29547223448753357, 0.2792714536190033, 0.06148483604192734, 0.21619980037212372, 1.0385948419570923, 0.34410572052001953, 0.8371627330780029, 0.1912473440170288, 0.27881690859794617, 0.23920780420303345, 0.07991752028465271, -0.5396077632904053, 0.21318960189819336, 