{"text": "          \"total_tests\": 8,\n          \"results\": [\n            \"[OK] register() returned: True\",\n            \"[OK] update_status(progress=50, current_step='Testing') worked\",\n            \"[OK] share_d", "embedding": [0.260812908411026, 0.3420594036579132, -3.5036916732788086, -0.8201735019683838, 2.5504982471466064, -0.9043102264404297, 0.8567407727241516, -0.06980305910110474, 0.2952738404273987, -0.9267298579216003, -0.9301745295524597, 0.6491140723228455, 0.44690775871276855, -0.004347366280853748, -0.4298091232776642, -0.8630532622337341, 1.0549442768096924, -1.4580951929092407, -0.7893971800804138, 0.45259782671928406, 0.3226163387298584, -0.4133428633213043, -1.1234904527664185, -0.5227265357971191, 1.322534203529358, 1.2858703136444092, -0.8202911019325256, 0.05230322107672691, -1.2994188070297241, 0.3828233778476715, 0.8215150237083435, -0.8217023611068726, 0.8932855725288391, -0.08233487606048584, -1.062192440032959, 0.04797199368476868, 0.1291171908378601, -0.016898442059755325, 0.49651986360549927, -0.7439450025558472, 0.6750696301460266, 0.6022959351539612, -0.343047171831131, -1.0094308853149414, 0.4116455912590027, -0.16496090590953827, 0.6532451510429382, 0.2525269687175751, 1.2255347967147827, -0.998599112033844, -0.10410599410533905, 0.2547025978565216, 0.3692588806152344, 0.31923481822013855, 1.4784691333770752, 1.057267427444458, -1.946547508239746, -0.15765972435474396, 0.43891409039497375, -0.7791928052902222, 0.9039090871810913, 0.267215758562088, -0.6913471221923828, 1.3642847537994385, 0.43767866492271423, -0.7179045677185059, 0.03579078987240791, 0.2940705418586731, 0.682063102722168, -0.33462485671043396, 0.7982211112976074, 0.1284494698047638, 0.6396108269691467, -0.3971637785434723, -0.6488428711891174, -0.584881603717804, -0.6273751854896545, -1.154047966003418, -0.9729930758476257, 0.07084334641695023, 0.7804940342903137, -0.717330276966095, 0.8753280639648438, 0.1065378189086914, 0.6196251511573792, -0.9000586867332458, -0.11276263743638992, -0.07675715535879135, -1.6020288467407227, 1.839797019958496, 0.29984763264656067, 0.08654570579528809, 0.1973191201686859, 0.40025100111961365, -1.2082213163375854, -0.2342301309108734, 0.5820740461349487, 0.6299046874046326, -0.8255137801170349, -0.31262192130088806, 0.021079163998365402, -0.036159858107566833, -0.0697660744190216, -0.9026408195495605, 0.595669686794281, 1.1523586511611938, -0.05009578540921211, 0.2926245629787445, -0.33375102281570435, 0.3941833972930908, -1.022212266921997, 0.2649647891521454, -0.5356602668762207, -0.5808863639831543, 0.10993491858243942, -0.8920930027961731, -0.008566942997276783, -0.022642241790890694, -0.49163174629211426, 0.2303403913974762, 0.3945763111114502, 0.345515638589859, -0.9232394099235535, 0.6955527067184448, -0.363464891910553, 0.2502029538154602, -0.7330746650695801, 0.4377235472202301, 0.09179594367742538, -0.04322000592947006, -0.18250514566898346, -0.9879445433616638, -0.3518284857273102, 0.404981404542923, 0.22493240237236023, 0.8684702515602112, -0.6956135034561157, 0.08141863346099854, -0.253646582365036, -0.28884655237197876, -0.42683038115501404, -0.5822758674621582, -0.6900128722190857, 0.36890652775764465, 0.8027899265289307, -1.2250912189483643, 0.45953530073165894, -0.1369331032037735, -0.6157687902450562, 0.39603686332702637, 0.3359471261501312, -0.6748626828193665, 0.6816620826721191, 0.3456375300884247, -0.38593384623527527, -1.13899564743042, -0.08261678367853165, -0.03142771124839783, 0.5864957571029663, 0.7414445281028748, 1.0061347484588623, -0.47567105293273926, -0.7903841137886047, 0.04761102795600891, -0.3389652371406555, -0.5575828552246094, 0.20385880768299103, 0.713809609413147, 0.079534150660038, 1.3139245510101318, -1.0726488828659058, -0.9330387711524963, -0.21952670812606812, -0.05844750627875328, -0.5339193940162659, 0.3098980188369751, 0.5151675343513489, -0.7209677696228027, 0.5744650959968567, 0.5519633889198303, 0.3403024971485138, -0.674345850944519, 1.6982053518295288, 0.7527416944503784, 0.5743870735168457, -0.6183339357376099, 0.7945789694786072, -1.2266391515731812, -0.1814078688621521, -0.28517743945121765, 0.2897735834121704, -0.1485590934753418, -1.2547725439071655, 0.15744423866271973, 0.010104392655193806, 0.11414149403572083, 0.7535921931266785, -0.2601182460784912, 0.47959306836128235, -1.269235372543335, -0.6065656542778015, 0.5531613230705261, -0.2525026500225067, 0.12976408004760742, -0.7985946536064148, 0.23370333015918732, -0.2521112561225891, 0.7461521029472351, 0.09656895697116852, 0.7099351286888123, 1.1430599689483643, -0.7203616499900818, -0.05894948169589043, 0.33668768405914307, -0.05313437804579735, -0.3307674825191498, -0.01971750520169735, -0.8992674350738525, -0.43997669219970703, 0.5508159399032593, 0.41874638199806213, -0.5689134001731873, -0.8507834672927856, -0.278670072555542, 1.1071751117706299, 0.74184650182724, -1.2124805450439453, -0.23684950172901154, -1.1765031814575195, 0.17172759771347046, 0.06652379781007767, -1.3283166885375977, 0.1964125782251358, -0.4555119574069977, -0.48267123103141785, 0.42589280009269714, -0.6067805290222168, 0.7843509316444397, -0.2002287358045578, 1.1574231386184692, -0.3987598419189453, 0.37003234028816223, 0.24613964557647705, 0.03212186321616173, -0.7760834693908691, 1.0565872192382812, -0.6028298139572144, 0.036919109523296356, 0.21751843392848969, 1.7310998439788818, 0.7155194282531738, 0.7946399450302124, 1.209612250328064, 1.4029819965362549, 0.6456910371780396, -0.2997795045375824, -0.4481382668018341, -0.011000433936715126, 0.5202716588973999, -0.8569141030311584, 0.13604173064231873, 0.17728126049041748, 0.36303529143333435, -0.6870965361595154, -0.519111156463623, -1.1616648435592651, -0.058169733732938766, -0.7261958718299866, 0.26174306869506836, 0.021871143952012062, -0.1505531668663025, 0.7033719420433044, 0.45280447602272034, 1.589324951171875, 0.4296770393848419, 0.2853098213672638, 0.42701777815818787, 0.48008233308792114, -0.11860837787389755, 0.07422530651092529, -1.521671175956726, -0.907581090927124, -0.2513582110404968, 0.7416593432426453, 0.24889443814754486, -0.10188102722167969, -0.2542385160923004, -0.72230464220047, 0.5566391348838806, 1.1566264629364014, 0.15136080980300903, -0.8559738397598267, 1.2744871377944946, 0.7271177768707275, -0.09911594539880753, 0.6160817742347717, 0.5314386487007141, -1.2792420387268066, 0.47386738657951355, -0.5841905474662781, 0.597224235534668, 0.8063002824783325, 0.8403312563896179, 0.37875062227249146, 0.8765568733215332, -0.8314352631568909, -0.4504961371421814, 0.19171464443206787, 0.40069112181663513, -0.27992162108421326, -0.7991295456886292, 0.3271018862724304, -0.9691425561904907, -0.014208982698619366, -0.5105906128883362, 1.1230472326278687, 1.1355881690979004, 0.6603161692619324, 0.7212680578231812, -1.1905382871627808, 0.29939913749694824, -0.6019467115402222, 0.631220281124115, -1.2104594707489014, 0.46417561173439026, 0.9366010427474976, -0.6015960574150085, 0.46551284193992615, -0.37909919023513794, -0.4393517076969147, 0.45387566089630127, 0.7381930947303772, 0.09552216529846191, -0.8864040374755859, -0.3154378831386566, 0.5713016390800476, -0.6635257601737976, -0.034597091376781464, -0.0981915295124054, 0.6661248207092285, 0.17782509326934814, -0.5216667056083679, 0.5784335136413574, -0.8557134866714478, 0.396814227104187, -0.36185160279273987, -0.6830101013183594, -0.15919117629528046, 0.1833668202161789, 1.038241982460022, -0.8621196746826172, 0.13481788337230682, -0.6414848566055298, -0.5945600271224976, 0.9757320284843445, -0.13841187953948975, -0.09926703572273254, 0.4814331531524658, 0.09217925369739532, 0.3976229429244995, 1.0263729095458984, 0.7522258162498474, -0.9342396855354309, -0.2925928235054016, -0.10679994523525238, 0.9135528802871704, 0.5364465117454529, -0.29426416754722595, 0.6580187678337097, 0.018215425312519073, -0.7177802324295044, -0.13421586155891418, 0.1781749129295349, 0.2670314311981201, 