{"text": "{\"train\": [{\"input\": [[0, 0, 0, 0, 0, 0, 0, 0, 0, 0, 0, 0], [0, 0, 0, 0, 0, 0, 0, 0, 0, 0, 0, 0], [0, 0, 0, 8, 0, 0, 0, 0, 0, 0, 0, 0], [0, 0, 8, 6, 8, 0, 0, 0, 0, 0, 0, 0], [0, 0, 0, 8, 0, 0, 0, 0, 0", "embedding": [-0.6073021292686462, 0.02796507626771927, -3.2451443672180176, -1.760544776916504, 1.2348413467407227, -0.8244799971580505, 0.7983841300010681, 0.7038070559501648, -1.467985987663269, -1.4908950328826904, -1.6119624376296997, 1.1910914182662964, 0.6704943180084229, 0.9165418744087219, 0.014369584619998932, 0.22555741667747498, 0.7400660514831543, -1.0228416919708252, 0.9146835207939148, 0.6376400589942932, 0.8349128365516663, 0.2336612194776535, 0.4717795252799988, -0.10033905506134033, 1.3477582931518555, 0.36276572942733765, -0.8092204332351685, 0.23672029376029968, -1.3068032264709473, 0.4293251037597656, 0.1298363208770752, -0.9224352240562439, 0.1969195157289505, -0.8439221978187561, -1.6734051704406738, -0.2501296103000641, 0.7471676468849182, -0.0787878930568695, 0.3838823735713959, 0.5948584675788879, 1.085892915725708, -0.633201003074646, -0.7843291163444519, -0.5262052416801453, 0.46641695499420166, -1.3762918710708618, 1.4244579076766968, 0.1818176507949829, -0.26754260063171387, -1.0039418935775757, -0.7919860482215881, -0.15590731799602509, -0.7362809777259827, -1.6643345355987549, 1.2345393896102905, 1.1022192239761353, -1.1990493535995483, 0.1302948147058487, 0.5579732060432434, -0.672280490398407, -0.07790884375572205, 0.8158954381942749, -0.9113904237747192, 1.154419183731079, 0.7471671104431152, 0.18258097767829895, -0.5165760517120361, 1.2163822650909424, -0.8707513809204102, 0.5627923011779785, 0.8286886215209961, -0.07603421807289124, -0.04269801825284958, -0.5809985995292664, -0.335121750831604, 0.10691939294338226, -0.3701584041118622, 0.5682066082954407, -0.8408992290496826, -0.20679205656051636, -0.04918280988931656, -0.781530499458313, -0.1184380054473877, 0.22418247163295746, 0.9119399189949036, -0.8299816250801086, -0.37173983454704285, -1.1358050107955933, -1.494871735572815, 0.7909093499183655, 0.3450760841369629, -0.022245943546295166, 1.1162716150283813, 0.3121313154697418, -0.10467346012592316, -0.26506534218788147, -0.9800187945365906, -0.4605995714664459, 0.9884355068206787, -0.6714725494384766, -0.41851669549942017, -0.2963052988052368, -0.35611820220947266, -1.8022911548614502, 0.880131185054779, 0.713273823261261, 0.823042094707489, -0.1426306813955307, -0.03991655260324478, -1.2275969982147217, -0.5629541873931885, -0.06794701516628265, -0.2881467938423157, -0.47019752860069275, 0.3509516716003418, -0.4959803819656372, 0.16973865032196045, -0.9489807486534119, -0.634419322013855, -0.022432180121541023, 0.08096621185541153, -0.4733438491821289, -1.1370381116867065, -0.10200504958629608, 0.8924435973167419, 0.2862311005592346, -0.49641144275665283, 0.9611556529998779, 0.44549575448036194, -0.6038445234298706, 0.5264895558357239, -0.002222569426521659, -0.9404589533805847, 0.18468134105205536, 1.0387413501739502, 1.028118371963501, -1.0971359014511108, -1.8832521438598633, 0.6571899056434631, 0.022587783634662628, 0.7065887451171875, 0.23664656281471252, -1.0776318311691284, -1.4079779386520386, 0.8571386933326721, -0.3072584867477417, 0.49230527877807617, -0.13618066906929016, -0.8279370069503784, -0.5733279585838318, 0.46999645233154297, 0.8789961934089661, 0.10981472581624985, 1.1152560710906982, 0.8892698287963867, -0.427828848361969, 1.1533716917037964, -0.4154520332813263, 0.2310517132282257, 0.5232898592948914, 1.4634966850280762, -1.110346794128418, -0.7617150545120239, 1.0908693075180054, -0.10036756843328476, -0.42500588297843933, 0.4980872869491577, 0.6864438056945801, 0.5895152688026428, 1.412233591079712, -1.2710930109024048, -0.5686157941818237, -0.5366752743721008, -0.16940619051456451, -1.143497109413147, 0.6353449821472168, 1.3465362787246704, -0.39193615317344666, 0.42396193742752075, -0.4411630630493164, 0.9675039649009705, -1.0343577861785889, 1.2345350980758667, -0.52516108751297, -0.1861034780740738, -0.47461017966270447, -0.8429687023162842, -0.26023614406585693, -0.41329827904701233, -1.233101725578308, -0.7974194884300232, 0.19294358789920807, -0.8671753406524658, -0.20523551106452942, -0.6422959566116333, -0.8828904628753662, 1.2055972814559937, -0.9535331726074219, 0.5109338760375977, -1.256421685218811, -0.3075263202190399, -0.42410990595817566, -0.1472814530134201, 0.35653844475746155, -1.1726632118225098, -0.9984102249145508, 0.3312431573867798, 0.9304889440536499, -1.0714272260665894, 0.7170316576957703, 0.8859670758247375, 0.8261439800262451, 1.3120695352554321, 0.8476427793502808, -0.5020955801010132, -1.1472010612487793, 0.8419562578201294, -1.4420462846755981, 0.1735001653432846, 0.4713532030582428, 1.2670118808746338, -0.5831815600395203, 0.9472208619117737, 0.13254916667938232, -0.13855625689029694, -0.5039138793945312, -0.23881059885025024, -0.3351558446884155, -0.9879392385482788, 0.13122551143169403, -0.26178163290023804, -0.7426888346672058, 0.9814633131027222, 0.04629245772957802, 0.6474955081939697, -0.10252195596694946, 0.4181976318359375, 1.275829553604126, -0.9677822589874268, 0.39801880717277527, 0.08332705497741699, 0.8973967432975769, -0.5799906253814697, -1.1476457118988037, -0.6276167631149292, 0.25111958384513855, -0.3536597192287445, -0.34507042169570923, 0.6560560464859009, 0.11293807625770569, -0.40509486198425293, 0.6232573986053467, 0.9612326622009277, 1.3103487491607666, 0.45394080877304077, -1.9873991012573242, -0.4289286434650421, -0.4466370940208435, 0.539884090423584, -1.280971884727478, 0.3922141492366791, -0.1016705110669136, -0.8001644015312195, 0.062012042850255966, -0.7037474513053894, -1.1186734437942505, 0.3822057247161865, -0.1504950225353241, 0.4306645691394806, -0.32021406292915344, -1.405392050743103, -0.049825333058834076, 0.6272683143615723, 0.8594356775283813, -0.22870968282222748, 0.32858502864837646, 0.16913920640945435, 0.39207231998443604, 0.2459452599287033, 0.5326257944107056, 0.38579973578453064, -0.48362481594085693, -0.6452952027320862, -0.6342069506645203, 0.4939156174659729, -0.8853170871734619, 0.5919479727745056, 0.26206180453300476, 0.37783563137054443, 0.17697903513908386, 0.5807135105133057, 1.0740208625793457, 1.180668592453003, 0.8020309209823608, -0.02118394710123539, 0.4482738673686981, 0.4149135947227478, 0.15915805101394653, -0.14748477935791016, 0.5458366274833679, -0.48165401816368103, 0.4903915524482727, 0.7233008742332458, -0.0006908909417688847, -0.531516969203949, -0.4668032228946686, 0.9640613794326782, -0.11320459842681885, 0.04433218389749527, 0.289785236120224, -0.03604996204376221, -0.03178658336400986, -0.7704157829284668, 0.11853460967540741, -0.21055200695991516, 0.7228664755821228, 0.388069212436676, 0.21011102199554443, 0.7964450120925903, 0.2519294023513794, 0.6950720548629761, -1.0552623271942139, -0.2529521584510803, -0.76479572057724, -0.2566021680831909, 1.458459496498108, 0.537090003490448, 0.28780242800712585, -0.02971288189291954, 0.28032079339027405, 1.4370365142822266, 0.9550113081932068, 0.5360644459724426, -0.5760733485221863, -0.0648832693696022, -0.00717971520498395, -0.07931826263666153, -0.17874717712402344, -0.3166419565677643, 0.5090720057487488, -1.1689060926437378, -0.24512380361557007, 0.4134753942489624, -0.1372961699962616, -0.24882802367210388, 0.14481879770755768, -0.2719116806983948, -0.4910098910331726, 0.6566171646118164, 0.24453303217887878, -0.28238603472709656, 0.6805668473243713, 0.9914686679840088, -0.2697611153125763, 0.3057379424571991, 0.029660146683454514, -0.39233094453811646, 0.041903406381607056, 0.2808895409107208, 1.3139255046844482, 0.29444676637649536, 0.3333544135093689, -0.2897634208202362, 0.19411958754062653, 0.02544177509844303, 0.28603067994117737, 1.1291987895965576, 0.45838242769241333, 0.9676586389541626, 0.12999261915683746, 0.3367932438850403, 0.05774746835231781, -0.03375650569796562, -0.5336776375770569, 