{"text": "{\"train\": [{\"input\": [[0, 0, 0, 0, 0, 0, 0, 0, 0, 0], [0, 0, 0, 0, 0, 0, 0, 0, 0, 0], [0, 0, 0, 0, 0, 0, 0, 0, 0, 0], [0, 0, 0, 0, 0, 0, 0, 0, 0, 0], [0, 0, 0, 0, 0, 0, 0, 0, 0, 0], [0, 0, 0, 0, 0, 0,", "embedding": [-0.6897726655006409, -0.009453501552343369, -3.1346349716186523, -1.7895359992980957, 1.2709174156188965, -0.914211630821228, 0.7589366436004639, 0.8083176016807556, -1.3733935356140137, -1.6600096225738525, -1.8254919052124023, 1.2768934965133667, 0.7231317162513733, 0.8606171607971191, 0.15683485567569733, 0.17970983684062958, 0.6611911654472351, -0.9986639022827148, 0.9641826748847961, 0.6169087290763855, 0.7223759293556213, 0.2635807991027832, 0.4863314628601074, -0.20303542912006378, 1.2691946029663086, 0.37036892771720886, -0.7293544411659241, 0.13997335731983185, -1.2284889221191406, 0.44759684801101685, 0.2106778621673584, -0.9322352409362793, 0.27787256240844727, -0.7224618196487427, -1.5434062480926514, -0.13334865868091583, 0.7235049605369568, -0.25484368205070496, 0.43343350291252136, 0.44452303647994995, 0.9956701993942261, -0.4792110025882721, -0.7674651145935059, -0.42020338773727417, 0.3941195607185364, -1.29795241355896, 1.4612776041030884, 0.095638208091259, -0.4514913856983185, -0.9283750057220459, -0.6558356285095215, -0.1382644772529602, -0.821549654006958, -1.5876452922821045, 1.449671983718872, 1.2162660360336304, -1.2406188249588013, 0.12820297479629517, 0.5550030469894409, -0.7070935368537903, 0.07178471237421036, 0.6971696019172668, -0.9591625928878784, 1.1729789972305298, 0.7792839407920837, 0.2960154116153717, -0.49136966466903687, 1.0912472009658813, -0.9834078550338745, 0.6448507308959961, 0.9619463086128235, -0.03289470821619034, -0.11104244738817215, -0.5650436878204346, -0.3503078520298004, 0.17811109125614166, -0.32857805490493774, 0.4994657039642334, -0.8727087378501892, -0.12569886445999146, -0.07849354296922684, -0.9114555716514587, -0.22430339455604553, 0.10773231834173203, 0.8226608633995056, -0.8341554403305054, -0.29739558696746826, -1.1427775621414185, -1.6733958721160889, 0.7516995668411255, 0.21811361610889435, 0.09387778490781784, 1.030697226524353, 0.32859721779823303, -0.10040027648210526, -0.5985438823699951, -0.9430217146873474, -0.4220004975795746, 1.1020448207855225, -0.7771847248077393, -0.43520307540893555, -0.1876227855682373, -0.4331277906894684, -1.7840670347213745, 0.9396567344665527, 0.6207112073898315, 0.9291211366653442, -0.335594117641449, -0.230482280254364, -1.0475772619247437, -0.5305739641189575, -0.13506866991519928, -0.30332663655281067, -0.6750231385231018, 0.33364275097846985, -0.5838825106620789, 0.15596245229244232, -0.9246156215667725, -0.6232161521911621, -0.03987041115760803, -0.004194087814539671, -0.4551439583301544, -1.190125823020935, -0.2656494379043579, 0.9702357053756714, 0.191472128033638, -0.3729765713214874, 0.9490674138069153, 0.2998789846897125, -0.39897283911705017, 0.6458292603492737, -0.04635550454258919, -0.9647626876831055, 0.29263120889663696, 0.9703596234321594, 1.2049319744110107, -1.0226789712905884, -1.8723078966140747, 0.7703078985214233, 0.1334732174873352, 0.7533335089683533, 0.26886412501335144, -1.096785068511963, -1.5337849855422974, 0.8000918030738831, -0.30913591384887695, 0.42659321427345276, -0.10114017128944397, -0.8095982074737549, -0.48613762855529785, 0.3985697627067566, 0.9475414156913757, 0.049499742686748505, 1.1055622100830078, 0.9024549126625061, -0.3761166036128998, 1.5130242109298706, -0.3641361892223358, 0.26944783329963684, 0.3747028708457947, 1.5690373182296753, -1.3226429224014282, -0.7079725861549377, 0.9238862991333008, -0.2571600079536438, -0.33601903915405273, 0.4965204894542694, 0.5498180389404297, 0.6446630954742432, 1.5926365852355957, -1.2914663553237915, -0.6361505389213562, -0.6659103035926819, -0.2479318380355835, -1.0775727033615112, 0.817051112651825, 1.3346256017684937, -0.40314194560050964, 0.4604736268520355, -0.46824726462364197, 0.8615661263465881, -1.0686180591583252, 1.2224202156066895, -0.45530933141708374, -0.15022005140781403, -0.4871572256088257, -0.8680216073989868, -0.19487226009368896, -0.506409227848053, -1.255579948425293, -0.8370027542114258, 0.047549329698085785, -0.7840518951416016, -0.14801259338855743, -0.6233236193656921, -0.831647515296936, 1.1048426628112793, -1.0803265571594238, 0.45490172505378723, -1.2887954711914062, -0.2683306038379669, -0.6198100447654724, -0.12816590070724487, 0.3163159191608429, -1.1217594146728516, -0.8350428342819214, 0.37699204683303833, 1.0277680158615112, -1.006438136100769, 0.7182860970497131, 0.8770861029624939, 0.8908897638320923, 1.3202639818191528, 0.9237033128738403, -0.6438462138175964, -1.1146693229675293, 0.8493385910987854, -1.4107896089553833, 0.2544557750225067, 0.6377236247062683, 1.2599825859069824, -0.553351104259491, 0.9362494349479675, 0.19982066750526428, -0.11952563375234604, -0.3598639667034149, -0.16156065464019775, -0.34760749340057373, -1.0874319076538086, 0.23575985431671143, -0.29591700434684753, -0.6605944037437439, 0.8787049651145935, -0.029796861112117767, 0.52688068151474, -0.0841822549700737, 0.25826409459114075, 1.3191428184509277, -1.0649545192718506, 0.376289963722229, 0.029204918071627617, 0.8468127846717834, -0.4355373978614807, -0.9414441585540771, -0.6553781032562256, 0.147751122713089, -0.26023775339126587, -0.13162845373153687, 0.5457120537757874, 0.08878130465745926, -0.3642546832561493, 0.5464223623275757, 0.9473631381988525, 1.3617030382156372, 0.4314687252044678, -1.9608933925628662, -0.3695293664932251, -0.4803858995437622, 0.4219743609428406, -1.2529783248901367, 0.35345256328582764, 0.20424768328666687, -0.5586771965026855, 0.1268734633922577, -0.7351129651069641, -1.3034147024154663, 0.42131197452545166, -0.04412687197327614, 0.35486841201782227, -0.3472253084182739, -1.440265417098999, -0.0029609384946525097, 0.6219391822814941, 0.8156225085258484, -0.17104430496692657, 0.2917085587978363, 0.1714293360710144, 0.4286518692970276, 0.3655950129032135, 0.6492295265197754, 0.36203089356422424, -0.4657474458217621, -0.8377031683921814, -0.5743447542190552, 0.5427827835083008, -0.9670009016990662, 0.5378104448318481, 0.2147471159696579, 0.39957815408706665, 0.13582713901996613, 0.6637889742851257, 1.0828953981399536, 1.0563205480575562, 0.6997992396354675, 0.12489506602287292, 0.4791485667228699, 0.28092408180236816, 0.30142903327941895, 0.04053118824958801, 0.39695486426353455, -0.6137616038322449, 0.44552791118621826, 0.6700544953346252, -0.22489769756793976, -0.3980262279510498, -0.4359317123889923, 0.8451548218727112, -0.10076700896024704, -0.04634154587984085, 0.32994192838668823, 0.13770659267902374, -0.04494461417198181, -0.7898989319801331, 0.17091962695121765, -0.10032939910888672, 0.6011220216751099, 0.3693692684173584, 0.09683698415756226, 0.7325699925422668, 0.03005256876349449, 0.599270761013031, -1.0406855344772339, -0.13778400421142578, -0.6150378584861755, -0.22911709547042847, 1.3094241619110107, 0.5230230689048767, 0.24968692660331726, -0.0163912121206522, 0.37315770983695984, 1.4273107051849365, 0.9717296957969666, 0.2771122455596924, -0.5203443169593811, -0.06867387890815735, -0.24075709283351898, -0.06406264007091522, -0.31110119819641113, -0.3788605034351349, 0.5692511796951294, -1.08482027053833, -0.1924743354320526, 0.3354111313819885, -0.0957813709974289, -0.16803573071956635, 0.19538655877113342, -0.27256861329078674, -0.6783612370491028, 0.6663753986358643, 0.2401140332221985, -0.25726625323295593, 0.7472824454307556, 0.9646763205528259, -0.25533026456832886, 0.36609897017478943, -0.05411241203546524, -0.5347228646278381, 0.03217552229762077, 0.2650298476219177, 1.1350728273391724, 0.28928425908088684, 0.3901987075805664, -0.39443355798721313, 0.22974541783332825, 0.08350926637649536, 0.22199690341949463, 1.1133066415786743, 0.4041992127895355, 0.908482015132904, 0.2289448082447052, 0.2130620777606964, 0.01583516038954258, -0.026913810521364212, -0.6022116541862488, 