{"text": "{\"train\": [{\"input\": [[0, 0, 0, 0, 0, 0, 0, 0, 0], [0, 8, 8, 8, 8, 8, 0, 0, 0], [0, 8, 0, 0, 0, 0, 8, 0, 0], [0, 0, 8, 0, 0, 0, 0, 8, 0], [0, 0, 0, 8, 0, 0, 0, 0, 8], [0, 0, 0, 0, 8, 8, 8, 8, 8], [0, ", "embedding": [-0.9504601359367371, 0.09231702238321304, -3.511958122253418, -1.6087273359298706, 1.3897725343704224, -0.8709751963615417, 0.9805413484573364, 0.8979125022888184, -1.558532953262329, -1.7896785736083984, -1.6290165185928345, 1.3707668781280518, 0.7074511647224426, 0.81200110912323, 0.2228517383337021, -0.08150753378868103, 0.8977947235107422, -1.1651031970977783, 1.0521104335784912, 0.7421993017196655, 0.9973130226135254, 0.6357699632644653, 0.6755173206329346, -0.3039010167121887, 1.190157175064087, 0.6346591114997864, -0.6717156767845154, -0.031095344573259354, -1.3152835369110107, 0.5445014238357544, 0.3307059109210968, -0.8150635361671448, 0.24004730582237244, -0.7980175018310547, -1.6620732545852661, -0.158564493060112, 0.756915807723999, -0.4368370771408081, 0.5519084334373474, 0.16021457314491272, 0.8325168490409851, -0.6021722555160522, -0.6167836785316467, -0.5310541987419128, 0.4432584345340729, -1.1677066087722778, 1.428692102432251, -0.1336628645658493, -0.4175933301448822, -0.5691301226615906, -0.5877029895782471, -0.14987577497959137, -0.895953357219696, -1.7501838207244873, 1.6381605863571167, 1.136757254600525, -1.100974440574646, 0.21074508130550385, 0.489114373922348, -0.7187514901161194, 0.3182283043861389, 0.6542572379112244, -1.090748906135559, 1.3192026615142822, 0.8797314167022705, 0.31663548946380615, -0.45863378047943115, 1.0595598220825195, -0.8008409142494202, 0.6146150827407837, 1.0473527908325195, -0.2638902962207794, -0.21498070657253265, -0.4859113395214081, -0.32804200053215027, 0.23167987167835236, -0.18638435006141663, 0.21892288327217102, -0.8156428933143616, -0.13502663373947144, -0.07218385487794876, -0.9594668745994568, 0.05446627363562584, 0.18939410150051117, 0.8347396850585938, -0.779819667339325, -0.360699325799942, -1.1073732376098633, -1.9780693054199219, 0.8164302706718445, 0.21162134408950806, 0.3269970118999481, 0.917533278465271, 0.24368607997894287, -0.12153613567352295, -0.8387802839279175, -0.8638721704483032, -0.41942206025123596, 0.9549240469932556, -0.9041720628738403, -0.18763518333435059, -0.15918713808059692, -0.48837265372276306, -1.76907217502594, 0.8732756972312927, 0.5348324179649353, 0.7312138676643372, -0.18911978602409363, -0.13256998360157013, -1.1013576984405518, -0.47984346747398376, -0.1814192831516266, -0.3520675003528595, -0.6947376132011414, 0.5784091353416443, -0.5460213422775269, -0.0677628293633461, -1.021925926208496, -0.6815451383590698, -0.026162121444940567, 0.16436667740345, -0.2631660997867584, -0.9501007199287415, 0.0911768451333046, 1.2907036542892456, 0.1859021633863449, -0.46968507766723633, 0.7689809799194336, 0.09070613235235214, -0.18695762753486633, 0.6169863939285278, 0.03517046198248863, -0.8695401549339294, 0.1981775164604187, 0.63067626953125, 1.1017605066299438, -1.0883420705795288, -1.7513800859451294, 0.5721612572669983, -0.0001724546164041385, 0.8607869148254395, 0.21126776933670044, -1.0873159170150757, -1.5197956562042236, 0.7234010100364685, -0.0199087206274271, 0.3543378710746765, -0.33149194717407227, -0.8408956527709961, -0.48255056142807007, 0.20280082523822784, 0.9517384171485901, -0.030684752389788628, 0.9828780889511108, 1.1049704551696777, -0.5842487812042236, 1.8496570587158203, -0.2987222373485565, 0.3396117687225342, 0.2904824912548065, 1.688193440437317, -1.234904408454895, -0.7427727580070496, 0.922919750213623, -0.14858637750148773, -0.5135936141014099, 0.31575655937194824, 0.4902101159095764, 0.848339855670929, 1.7749011516571045, -1.1414921283721924, -0.8029502630233765, -0.6578580737113953, -0.19788144528865814, -1.1792755126953125, 1.0375200510025024, 1.6226110458374023, -0.47661131620407104, 0.635524570941925, -0.6170709729194641, 0.7400556802749634, -1.2384874820709229, 1.2823430299758911, -0.6401603817939758, -0.3590819835662842, -0.3807130455970764, -0.6797467470169067, -0.19874000549316406, -0.7839235067367554, -1.4169892072677612, -0.6075737476348877, -0.09741415083408356, -0.7372190356254578, -0.022522175684571266, -0.6838272213935852, -0.729365885257721, 1.0179191827774048, -1.2279932498931885, 0.6222289800643921, -1.1754716634750366, -0.20459851622581482, -0.7035731673240662, -0.17943121492862701, 0.32917118072509766, -0.8460453152656555, -0.9370802640914917, 0.2589700222015381, 1.2706472873687744, -1.0099848508834839, 0.6698155403137207, 0.8854762315750122, 0.8033347129821777, 1.303437352180481, 0.9592233896255493, -0.5943651795387268, -1.2704906463623047, 0.885238766670227, -1.3302993774414062, 0.23106281459331512, 0.459514319896698, 1.340345859527588, -0.4912409782409668, 0.9535574316978455, 0.24016934633255005, -0.24933412671089172, -0.2869577705860138, -0.0385591983795166, -0.5895106792449951, -1.101584792137146, 0.3482132852077484, -0.2827325165271759, -0.4549567699432373, 1.1485825777053833, -0.0359114408493042, 0.41229572892189026, -0.19983164966106415, 0.14685654640197754, 1.3123732805252075, -1.2407842874526978, 0.217291921377182, 0.15415705740451813, 0.8997579216957092, -0.3332033157348633, -0.6888505220413208, -0.8433271646499634, -0.016260579228401184, -0.08926522731781006, -0.10540921241044998, 0.4853760302066803, 0.06553281098604202, -0.36071670055389404, 0.49297896027565, 0.8575342893600464, 1.667975664138794, 0.4625991880893707, -1.9616873264312744, -0.39061492681503296, -0.19565005600452423, 0.26689571142196655, -1.2553552389144897, 0.1846747249364853, 0.3664399981498718, -0.6036801338195801, 0.10788536816835403, -0.8079439401626587, -1.5362993478775024, 0.38568469882011414, -0.06328005343675613, 0.45558813214302063, -0.4130692780017853, -1.2937356233596802, -0.12290413677692413, 0.5659087300300598, 0.6888394951820374, -0.041148897260427475, 0.17205750942230225, 0.04886579141020775, 0.22378835082054138, 0.4198251962661743, 0.5854437351226807, 0.6043336391448975, -0.46637073159217834, -0.7062267661094666, -0.5985450148582458, 0.6027103066444397, -1.0525373220443726, 0.6338316798210144, 0.1990552544593811, 0.507046103477478, -0.09818002581596375, 0.5503205060958862, 1.0846692323684692, 0.8928834199905396, 0.529697060585022, 0.40051698684692383, 0.41418182849884033, 0.3828127980232239, 0.16632585227489471, -0.13369184732437134, 0.21837200224399567, -0.7666886448860168, 0.4651297628879547, 0.9183231592178345, -0.4084760248661041, -0.3932458460330963, -0.3402253985404968, 0.6385431289672852, -0.15371540188789368, -0.024204326793551445, 0.422035276889801, 0.040009837597608566, -0.2359546273946762, -0.72515469789505, 0.04938657954335213, -0.14884288609027863, 0.5749202370643616, 0.5503666996955872, 0.22286078333854675, 0.5893080234527588, -0.009276528842747211, 0.5912924408912659, -1.0369311571121216, -0.22278741002082825, -0.3926592469215393, -0.048463303595781326, 1.382260799407959, 0.5568991899490356, 0.26414695382118225, 0.025004634633660316, 0.5252916216850281, 1.3541955947875977, 1.0213221311569214, 0.27579420804977417, -0.5890473127365112, -0.17438837885856628, -0.22708739340305328, -0.015580485574901104, -0.06720978021621704, -0.38875818252563477, 0.6177313923835754, -0.9597153067588806, -0.3291455805301666, 0.5470241904258728, -0.12282396852970123, -0.06103131175041199, -0.027357639744877815, -0.014288084581494331, -0.648787260055542, 0.6342224478721619, 0.32444846630096436, -0.17402175068855286, 0.6224036812782288, 1.0684455633163452, -0.2825043797492981, 0.21726758778095245, -0.03609495237469673, -0.36537161469459534, 0.06343352049589157, 0.14907877147197723, 1.3506338596343994, 0.12642338871955872, 0.2463027685880661, -0.26537397503852844, 0.526045024394989, 0.10251553356647491, 0.28509435057640076, 0.9747963547706604, 0.39333850145339966, 0.8677512407302856, 0.18172839283943176, 0.16001172363758087, 0.0484076589345932, -0.03572829067707062, -0.6664986610412598, 