{"text": "{\n  \"count\": 2,\n  \"sessions\": [\n    {\n      \"key\": \"agent:main:telegram:direct:5597932516\",\n      \"kind\": \"other\",\n      \"channel\": \"telegram\",\n      \"displayName\": \"Mr Slothitude @slothitudegames (@s", "embedding": [-0.5133527517318726, 1.2644866704940796, -3.511871814727783, -1.4501005411148071, 0.8609563708305359, -1.3909757137298584, 0.3659089505672455, -0.7174462080001831, 0.8513083457946777, -0.5597359538078308, -1.9494479894638062, 0.6118733286857605, 0.07610663026571274, 0.03137391060590744, 0.49960535764694214, -1.351180076599121, -0.24485482275485992, -0.8420810699462891, -0.9678830504417419, -0.13970963656902313, 0.18031743168830872, 0.025847112759947777, 0.29804378747940063, -1.1374207735061646, 1.4025095701217651, 1.7630292177200317, 0.6166148781776428, 1.1899150609970093, -0.5321813821792603, 0.16466708481311798, 0.10584341734647751, -0.35825738310813904, -0.5364651679992676, -0.4072214663028717, -0.6831845045089722, -1.065014362335205, -0.40451672673225403, -0.0680195763707161, -0.35425907373428345, -0.24241486191749573, 0.05553645268082619, 0.2663381099700928, 0.06344734877347946, -0.23285628855228424, -0.6664696931838989, -0.9574259519577026, 0.441802054643631, 0.7540683150291443, 1.6720638275146484, -1.461419939994812, 0.6727501153945923, -0.3588075041770935, 0.26509803533554077, -0.551781415939331, 1.7011734247207642, 1.3783831596374512, -2.288052558898926, -0.8106321692466736, 0.8749121427536011, 0.24128706753253937, 1.770600438117981, -0.11711592227220535, 0.03703039512038231, 1.8454759120941162, 0.8010151982307434, 0.09941612929105759, -0.6350393891334534, 0.5890551805496216, 0.5951575636863708, -0.31936487555503845, 0.20278982818126678, -0.3281876742839813, 0.8950088024139404, 0.03532949835062027, 0.17469926178455353, 0.7045448422431946, -0.4795028567314148, -0.1668044775724411, -0.664588212966919, 0.8248176574707031, -0.595310389995575, -0.8857776522636414, 1.260099172592163, -0.4802016019821167, 0.738972544670105, -0.5263241529464722, -1.2719331979751587, 0.29026132822036743, -0.7638803124427795, 1.8024636507034302, -0.3141012191772461, -0.2719937562942505, 1.00714111328125, 0.6109614372253418, -0.8777908682823181, 0.18205729126930237, 0.09512826800346375, -0.25576019287109375, -0.9007900953292847, 0.4084955155849457, -0.031705621629953384, 0.6495490670204163, -0.8902446031570435, -1.1647521257400513, 0.43019405007362366, 1.0321327447891235, -0.774288535118103, 0.2557075619697571, -0.07642494142055511, 0.35842928290367126, -0.10286039859056473, 0.5149482488632202, -0.0837763175368309, -0.5079843997955322, 0.9702804684638977, -0.4938577711582184, 0.26321813464164734, -0.3807348310947418, -0.15039515495300293, -0.5800941586494446, 0.138154074549675, -1.0276448726654053, -0.24469690024852753, 0.38749852776527405, 0.7577225565910339, 0.012796720489859581, -0.34462010860443115, 0.8826402425765991, -0.9863104224205017, 0.15273867547512054, -0.5968278646469116, -0.33962056040763855, -0.49201133847236633, 0.6472682356834412, 0.7980222702026367, 0.35349735617637634, -0.7885053157806396, -0.5802640914916992, -0.5727797746658325, -0.06268932670354843, -0.5028859972953796, -0.7997174859046936, 0.19860942661762238, -0.7087488174438477, 0.44784465432167053, -0.7274639010429382, 0.5848243832588196, -0.5753335356712341, -0.289526104927063, 0.026873815804719925, 0.6222473382949829, 0.3079420030117035, 0.11268525570631027, -0.10664341598749161, 0.9355657696723938, -0.6991721987724304, -0.2252006232738495, 0.06990905106067657, 0.6350117325782776, 1.5301433801651, 0.1814185380935669, 0.038422126322984695, -0.6213365793228149, 0.9212056994438171, -0.28863629698753357, -0.6768998503684998, 1.1169264316558838, 1.3467562198638916, -0.1866218000650406, 0.7967672348022461, -0.23385369777679443, -0.5137314200401306, -0.6252174973487854, -0.056377410888671875, -0.4710004925727844, 0.008538919501006603, 0.10580939799547195, -0.41985833644866943, 0.3993600010871887, -0.39320269227027893, 0.7742207646369934, -0.8492121696472168, 0.07551778852939606, 0.009544871747493744, -1.1701555252075195, -0.242649108171463, -0.026432646438479424, -1.5993541479110718, -0.6864023804664612, -0.7091016173362732, 0.3925195038318634, -0.3261639177799225, -0.4873267114162445, 0.10618449002504349, 0.13458405435085297, -0.3478531241416931, 0.8936437964439392, -0.8202306628227234, 0.38011056184768677, -0.7193368673324585, -0.6340380311012268, 0.003491155104711652, -0.16077378392219543, 0.29846158623695374, 0.03080998733639717, 0.607737123966217, -0.5613831281661987, 0.9717496633529663, -0.0956793874502182, -0.27590423822402954, 1.1715102195739746, 0.6969221830368042, -1.1408891677856445, 0.1616492122411728, 0.08803058415651321, -0.139616921544075, 0.11886467039585114, -0.6858705878257751, -0.3547205626964569, -0.3839000463485718, 1.4583587646484375, 0.9419333934783936, 0.1311732530593872, -0.3587903678417206, 0.4985676109790802, -0.18093322217464447, -0.5221575498580933, 0.8759468197822571, -0.7100997567176819, 0.40289026498794556, -0.8916484713554382, -0.6498621106147766, 0.2684258818626404, -0.5183709859848022, -1.0860109329223633, 0.407612681388855, -0.8149220943450928, 1.639307975769043, 0.14597739279270172, 0.46453532576560974, 0.4226652681827545, 0.40289950370788574, -0.5385515093803406, 0.5291486382484436, -1.0395299196243286, -0.4395187497138977, -1.2301400899887085, -0.13740316033363342, -0.47448500990867615, 1.1788214445114136, -0.5052698850631714, -0.07728240638971329, 0.9959239959716797, 0.9286665320396423, 1.045750379562378, -0.45277225971221924, 0.12540249526500702, 0.7901601195335388, 0.1821574568748474, -0.8899282217025757, 0.29378408193588257, 0.17939254641532898, 0.9169718623161316, -0.49085870385169983, -0.22675925493240356, -1.8987597227096558, 0.04373433440923691, 0.46593669056892395, -0.2144961655139923, 0.7962750196456909, 0.1000746414065361, 0.4375201463699341, -0.27619531750679016, 1.3862658739089966, -0.3641282916069031, 0.7016074657440186, 1.0953954458236694, -0.06845854222774506, -0.04815356805920601, 0.3418976962566376, -0.9214280843734741, -0.3115043044090271, -0.6955092549324036, 1.1347689628601074, 0.2496139258146286, -0.8723865151405334, 1.212235927581787, 0.3615535497665405, 0.6474517583847046, -0.42443111538887024, 1.5021885633468628, 0.3931603729724884, -0.3164140284061432, 1.1413719654083252, 0.16227617859840393, -0.31392112374305725, 0.5186769366264343, -0.8931550979614258, 0.132256418466568, 0.7092669010162354, 0.12167171388864517, 0.4967826008796692, 0.21047478914260864, 0.14374257624149323, -0.39933452010154724, -0.9540064334869385, 0.08728531002998352, 0.3064550459384918, 0.351766437292099, 0.5205400586128235, 0.08624083548784256, 1.0193166732788086, -0.0729871466755867, -0.20369398593902588, -0.84136962890625, 0.34952738881111145, 0.5475555658340454, 0.422919899225235, -0.07485435158014297, -0.7150108218193054, -0.8972375392913818, -0.7044568061828613, -0.0758666917681694, -0.0482514314353466, 0.573767364025116, 0.5179920196533203, -0.46623456478118896, 0.7396628260612488, -0.4657362103462219, -0.16751126945018768, 0.6167669296264648, -0.3558945059776306, -0.039357732981443405, 0.1295812577009201, -0.112688809633255, -0.365619033575058, 0.17951062321662903, -0.2201341837644577, -0.45417338609695435, 1.577476143836975, 0.45749399065971375, -0.5204943418502808, 0.19480285048484802, -0.32476603984832764, -0.5285024046897888, -0.2982201874256134, -0.4620630443096161, 0.49391815066337585, 1.0850175619125366, -0.16172340512275696, -1.5073068141937256, -0.022682471200823784, -0.6093654036521912, 0.8577538132667542, 0.3735276460647583, -0.5888059735298157, 0.19640950858592987, 0.7931780815124512, -0.00505761057138443, -0.37854743003845215, 1.6260247230529785, 0.2714492678642273, -0.17674018442630768, -0.7434015274047852, 0.9309327602386475, 0.06518509238958359, 0.6917228102684021, 0.054523639380931854, 1.3539478778839111, 0.025045856833457947, -1.068773865699768, -0.7052853107452393, 0.05812191218137741, 