{"text": "{\"train\": [{\"input\": [[6, 6, 0], [6, 0, 0], [0, 6, 6]], \"output\": [[6, 6, 0, 6, 6, 0, 0, 0, 0], [6, 0, 0, 6, 0, 0, 0, 0, 0], [0, 6, 6, 0, 6, 6, 0, 0, 0], [6, 6, 0, 0, 0, 0, 0, 0, 0], [6, 0, 0, 0, 0, 0", "embedding": [-1.0904828310012817, 0.29434821009635925, -3.422023057937622, -1.4649038314819336, 1.2649126052856445, -1.2771098613739014, 0.9104245901107788, 0.5713856220245361, -1.55073082447052, -1.725944995880127, -1.4374524354934692, 1.0873557329177856, 0.8163092732429504, 0.624838650226593, 0.4012734293937683, -0.13369199633598328, 0.8603261709213257, -1.1288591623306274, 0.966722309589386, 0.732806921005249, 0.8028587698936462, 0.43045493960380554, 0.7317941188812256, -0.4209194779396057, 1.3511831760406494, 0.5747412443161011, -0.5747683644294739, 0.275037556886673, -1.2314515113830566, 0.4754699170589447, 0.6562750339508057, -0.6382216215133667, 0.3974044620990753, -0.9429766535758972, -1.8057135343551636, -0.2326899617910385, 0.7282844185829163, -0.5670688152313232, 0.5916643738746643, 0.18746010959148407, 1.0059239864349365, -0.555867075920105, -0.5700606107711792, -0.4979827404022217, 0.4385724663734436, -1.2781630754470825, 1.2678920030593872, -0.2576310336589813, -0.5416907072067261, -0.5778295397758484, -0.7467589378356934, -0.20053955912590027, -0.9070817828178406, -1.4607988595962524, 1.6974740028381348, 1.3271201848983765, -1.2465145587921143, 0.11414916813373566, 0.7876608371734619, -0.733204185962677, 0.043475765734910965, 0.45920032262802124, -1.265249490737915, 1.2823771238327026, 0.8179309964179993, 0.2838502824306488, -0.2906843423843384, 0.8602306842803955, -0.6744504570960999, 0.5628075003623962, 0.9772282242774963, -0.2687646746635437, -0.14523963630199432, -0.6264416575431824, -0.18296335637569427, 0.2502492070198059, 0.013818194158375263, 0.3763394355773926, -0.9202894568443298, 0.034698642790317535, -0.11783251166343689, -0.923892617225647, 0.205226331949234, 0.24332144856452942, 0.8278736472129822, -0.690911054611206, -0.2751953601837158, -0.8658364415168762, -1.9182446002960205, 0.7395840883255005, 0.22307650744915009, 0.1756596714258194, 1.0625287294387817, 0.16598136723041534, -0.26202306151390076, -0.9287325143814087, -0.9965506792068481, -0.2733192443847656, 0.7108079791069031, -0.9790113568305969, -0.16124624013900757, 0.06991249322891235, -0.5569908618927002, -2.0829386711120605, 0.8910604119300842, 0.4503834843635559, 0.8163120150566101, -0.26209795475006104, 0.15538257360458374, -1.3969287872314453, -0.4700692594051361, -0.020889490842819214, -0.1261681467294693, -0.774333119392395, 0.324088454246521, -0.4219367206096649, -0.3194277584552765, -1.142810583114624, -0.5869139432907104, -0.09557147324085236, 0.22398516535758972, -0.057601962238550186, -1.0045057535171509, -0.15435542166233063, 1.2496848106384277, 0.18038447201251984, -0.2587243616580963, 0.9570978879928589, 0.26371216773986816, -0.05033734813332558, 0.7585104703903198, -0.08207155019044876, -0.9831001162528992, 0.06556371599435806, 0.9934893250465393, 1.1286108493804932, -1.1198415756225586, -1.3756834268569946, 0.7028029561042786, 0.003995975945144892, 0.7877951264381409, 0.021950937807559967, -1.0637462139129639, -1.483543872833252, 0.7080293297767639, 0.06962030380964279, 0.11640244722366333, -0.42401123046875, -0.9810763597488403, -0.3943704664707184, 0.32776734232902527, 1.0853474140167236, -0.007808349560946226, 1.0140732526779175, 1.1628937721252441, -0.6502901315689087, 1.857377052307129, -0.20668384432792664, 0.323044091463089, 0.28009292483329773, 1.9159398078918457, -1.1232328414916992, -0.547500491142273, 0.9902412295341492, -0.31616008281707764, -0.3954480290412903, 0.48732060194015503, 0.36045241355895996, 0.5917580127716064, 1.6336652040481567, -1.0940858125686646, -0.7120296955108643, -0.9545770287513733, -0.12259504944086075, -0.9443643689155579, 0.8822722434997559, 1.4981414079666138, -0.40195369720458984, 0.39209994673728943, -0.5451356768608093, 0.8529426455497742, -0.9202236533164978, 1.3906587362289429, -0.37663668394088745, -0.23039937019348145, -0.3259049952030182, -0.8386823534965515, -0.30425703525543213, -0.7727760076522827, -1.2766951322555542, -0.5010972023010254, 0.047815363854169846, -0.7633959650993347, -0.26331520080566406, -0.719132661819458, -0.7813264727592468, 0.8868076801300049, -1.1399542093276978, 0.6229861378669739, -0.9106096625328064, -0.42848920822143555, -0.7351998090744019, -0.07346674054861069, 0.4957103729248047, -0.6520232558250427, -0.8008639216423035, 0.007747126743197441, 0.8353298902511597, -0.9753965139389038, 0.6769299507141113, 0.7597487568855286, 0.5979844927787781, 1.3034923076629639, 0.8951323628425598, -0.5535315871238708, -1.2872252464294434, 0.9692542552947998, -1.2216814756393433, 0.33192020654678345, 0.2319055199623108, 1.1345274448394775, -0.595984935760498, 0.799303412437439, 0.28761282563209534, -0.4309075176715851, -0.5100709199905396, -0.10156268626451492, -0.6351304054260254, -1.1534459590911865, 0.3655227720737457, -0.4531787037849426, -0.18110331892967224, 1.0495461225509644, -0.06833063066005707, 0.40002670884132385, -0.018749255686998367, 0.2621902823448181, 1.3994659185409546, -1.1702947616577148, 0.19464941322803497, 0.14574825763702393, 0.6924508213996887, -0.3733068108558655, -0.5756718516349792, -0.7541581392288208, -1.0916289284068625e-05, 0.13321390748023987, -0.13131119310855865, 0.614418089389801, 0.01689334213733673, -0.2913168668746948, 0.6355704069137573, 0.442403107881546, 1.4047456979751587, 0.49609553813934326, -1.6897562742233276, -0.502574622631073, -0.2983238697052002, -0.06847976893186569, -1.0297820568084717, 0.21253831684589386, 0.3842361867427826, -0.49271854758262634, 0.30884212255477905, -0.975875735282898, -1.5723100900650024, 0.4614523649215698, 0.024016249924898148, 0.1600652039051056, -0.6254987716674805, -1.5271536111831665, -0.13802368938922882, 0.7710718512535095, 0.8145990967750549, -0.038899894803762436, 0.2911016047000885, 0.0826806053519249, 0.22234858572483063, 0.5632370114326477, 0.6861317753791809, 0.24325548112392426, -0.272865891456604, -0.7484092116355896, -0.8770807385444641, 0.5462796688079834, -1.1033332347869873, 0.8527675271034241, 0.040930505841970444, 0.587631106376648, 0.07037380337715149, 0.412141889333725, 1.293194055557251, 0.9393078684806824, 0.41267508268356323, 0.4930781126022339, 0.125971719622612, 0.2529762387275696, 0.4072713255882263, -0.27536770701408386, 0.3111419379711151, -0.5153627991676331, 0.36304086446762085, 0.7746658325195312, -0.09418461471796036, -0.39235925674438477, -0.3600172698497772, 0.44717350602149963, -0.07565689086914062, -0.048315826803445816, 0.42651689052581787, 0.23386801779270172, -0.42023488879203796, -0.850305438041687, -0.36497944593429565, 0.16030636429786682, 0.5106502175331116, 0.513887882232666, 0.32495826482772827, 0.5317941904067993, -0.07990289479494095, 0.3286319077014923, -1.1353129148483276, -0.24287055432796478, -0.46962326765060425, -0.181489035487175, 1.1557344198226929, 0.5615615248680115, 0.17712409794330597, -0.029953651130199432, 0.47799795866012573, 1.116458535194397, 1.1414527893066406, 0.3850446045398712, -0.6905053853988647, -0.08172552287578583, 0.04796302691102028, -0.12458736449480057, -0.09044870734214783, -0.4360481798648834, 0.641033411026001, -1.0112063884735107, 0.13438302278518677, 0.26693469285964966, -0.1626529097557068, 0.020617526024580002, 0.5502834916114807, -0.045852188020944595, -0.7500004172325134, 0.5298687815666199, 0.19390852749347687, -0.24387139081954956, 0.7261300683021545, 1.2405058145523071, -0.0589018315076828, 0.18188731372356415, 0.17163003981113434, -0.521747350692749, -0.09042734652757645, 0.4106922447681427, 1.3822147846221924, 0.11456139385700226, 0.4438818097114563, -0.24587352573871613, 0.30731555819511414, 0.17109841108322144, 0.17296567559242249, 1.033132553100586, 0.31167304515838623, 1.054572582244873, 0.07229171693325043, 0.13735470175743103, 0.015010475181043148, 0.030023088678717613, -0.8151577115058899, 