{"text": "{\n  \"name\": \"betfair-mcp\",\n  \"version\": \"1.0.0\",\n  \"lockfileVersion\": 3,\n  \"requires\": true,\n  \"packages\": {\n    \"\": {\n      \"name\": \"betfair-mcp\",\n      \"version\": \"1.0.0\",\n      \"license\": \"MIT\",\n  ", "embedding": [-0.15771779417991638, 0.5148870348930359, -2.6781413555145264, -1.0360740423202515, 1.8709557056427002, -1.5344631671905518, -0.6777173280715942, -0.05430600419640541, 0.22789637744426727, -0.542608916759491, -0.02021133340895176, 0.01047232560813427, 1.2039318084716797, -0.21207165718078613, 0.403971403837204, 0.5404015779495239, -0.4220086634159088, -0.15846842527389526, 0.8113895058631897, 0.06227431818842888, -0.4016559422016144, -0.6870651841163635, -0.43296027183532715, -0.5007217526435852, 1.6124144792556763, -0.7030492424964905, -0.11664138734340668, -0.021432017907500267, -1.0334036350250244, -0.22121520340442657, 0.7358309626579285, 0.23817217350006104, 0.08424786478281021, -1.4472005367279053, -0.4417407810688019, -0.669370710849762, 0.5461561679840088, -0.3352123200893402, 0.28794166445732117, -0.06080187112092972, 0.6146703958511353, 0.3541731834411621, 0.03867148235440254, 0.3066381514072418, 0.6500495672225952, 0.12185224145650864, 1.2404447793960571, 0.8663598299026489, 0.1808517724275589, -0.23630079627037048, 1.524172067642212, -0.3774595856666565, 0.688223123550415, -0.3259047567844391, 1.7434486150741577, 0.9135067462921143, -0.6820389032363892, 0.7759431600570679, 0.6160625219345093, -0.3984638750553131, 1.2225819826126099, 1.514238715171814, -0.6256510615348816, 1.7098442316055298, 0.20192661881446838, -0.438351035118103, -0.7103264927864075, 0.655825138092041, 0.6768019795417786, 0.9974763989448547, 0.06629761308431625, 1.2704588174819946, 0.4454064667224884, 0.09520590305328369, 0.0643199235200882, -0.2077496349811554, -0.07856756448745728, -0.9233360886573792, -0.7111479043960571, 1.3692755699157715, 0.15103702247142792, 0.5174881219863892, 0.821221113204956, -0.2983933985233307, 0.7239636182785034, -1.157350778579712, -0.7498055696487427, -0.7445006370544434, -0.8246735334396362, 0.5527409911155701, 1.2667806148529053, 0.2665461003780365, -0.4825698137283325, 1.2349770069122314, -0.14324744045734406, 0.14681243896484375, -0.8262403011322021, -0.439594566822052, -0.3634393513202667, 0.30163681507110596, -0.6075358986854553, -0.3164590299129486, 0.059956472367048264, -0.3000871241092682, 0.009606696665287018, 1.7661041021347046, -0.15407326817512512, 1.1854891777038574, 0.6378779411315918, -0.4027462601661682, -0.9008691310882568, 0.6152220368385315, 0.36830082535743713, -0.5721781849861145, -0.2769600450992584, -0.3315303921699524, 0.45488691329956055, 1.0424132347106934, -0.6643204689025879, 0.44105789065361023, -0.08486706018447876, -1.1887271404266357, 0.2329799383878708, 0.6305834054946899, 0.9522725343704224, -0.06878975033760071, -0.09490159898996353, 0.18675915896892548, -0.06743615865707397, -0.7361660003662109, -0.02643529884517193, 0.008263980969786644, 0.18682081997394562, 0.45830512046813965, 1.0293080806732178, 0.3235964775085449, -0.4977662265300751, -0.24214458465576172, 0.389169305562973, 0.15309686958789825, -0.13715112209320068, 0.529645562171936, -0.27354028820991516, -0.4163779318332672, -0.16516545414924622, -0.865288257598877, 0.875144898891449, 0.012567637488245964, -0.716553807258606, 0.4788219630718231, -0.14198119938373566, -0.051764026284217834, 0.33143121004104614, 0.6300404667854309, 0.3553897440433502, -0.5613847374916077, 0.16903550922870636, 0.19166842103004456, -0.20518074929714203, 0.08300471305847168, 1.5920829772949219, 0.299912691116333, 0.3260793685913086, 0.3883283734321594, -0.3561418056488037, -0.40875208377838135, 0.7052245140075684, 0.434506356716156, 0.21996645629405975, 0.9942201375961304, -1.0206149816513062, -0.25151699781417847, -0.5694446563720703, -0.03862770274281502, 0.29317882657051086, -0.01769845187664032, -0.2175169289112091, 0.39251410961151123, 0.5334545969963074, -1.1262671947479248, 0.45542243123054504, -1.0540317296981812, 0.8291059136390686, 0.43213188648223877, -0.8701204061508179, 0.2957611680030823, -0.28994259238243103, -0.3580667972564697, -0.8884596824645996, -0.9585864543914795, 0.16976836323738098, -0.287665456533432, -0.04176352918148041, -0.801903247833252, 0.03132244944572449, -0.3876621425151825, 0.728535532951355, -0.8441796898841858, 0.7982378602027893, -0.00974885281175375, 0.11502086371183395, 0.20527537167072296, 0.3880663812160492, 1.2223156690597534, -0.9420768618583679, 0.5940223932266235, -0.7173657417297363, 0.8769000768661499, -0.2999710142612457, 0.5943636894226074, 0.9042215347290039, -1.0483083724975586, -0.9067508578300476, -0.266693115234375, -0.11591901630163193, -0.6900542378425598, 0.01577160879969597, 0.21929387748241425, -0.5240911841392517, 0.42534950375556946, 0.23661969602108002, 0.04953872039914131, 0.5339344143867493, 0.33474200963974, 0.6300293803215027, 0.3190825283527374, -0.07926402240991592, -0.250503271818161, 0.23621471226215363, -0.297013521194458, 0.2325998842716217, -1.0634169578552246, 0.37220296263694763, 0.1692141741514206, 0.1104874536395073, 0.5294617414474487, 0.21491438150405884, 0.4281655251979828, 0.5919830799102783, 0.5852823257446289, -0.2114446759223938, 0.6057880520820618, -0.1599472165107727, 0.02726384438574314, -0.9345846176147461, 0.3910149037837982, -1.1498087644577026, -0.14825531840324402, -0.22013463079929352, 1.0019035339355469, 0.4087642729282379, -0.1939704567193985, 0.7276338338851929, -0.46425437927246094, -0.1502510905265808, -0.6030680537223816, 0.04753972217440605, -0.24484705924987793, -0.35067039728164673, 0.16758230328559875, 0.27127590775489807, -0.11681024730205536, 0.21054166555404663, -0.367100328207016, 0.3405824601650238, -0.43614524602890015, -0.8679457306861877, 0.1139620840549469, 0.1633424460887909, 0.46537357568740845, 0.7253766655921936, 0.06803438812494278, -1.1505191326141357, 0.3561330735683441, 0.49419426918029785, 0.39551177620887756, 0.10413329303264618, -0.16076993942260742, -0.44578590989112854, 0.09277372807264328, -0.8853539228439331, -0.4486338496208191, -0.7788234949111938, -0.6458439826965332, -0.6656877398490906, -0.1209990605711937, -0.5610346794128418, 0.2473539561033249, -0.10888735949993134, 0.033333197236061096, 0.07067801803350449, 0.34791743755340576, -0.8562489151954651, 0.5465711951255798, -0.16936378180980682, -0.45179715752601624, 0.1637197583913803, -0.5438845753669739, -0.4910038709640503, -0.1591014266014099, 0.7099384069442749, 1.2121524810791016, 0.45923566818237305, 0.8490274548530579, -0.2756108343601227, 0.2203281968832016, 0.12307358533143997, -0.1960679292678833, -0.10341033339500427, 0.13670684397220612, -0.8574079871177673, -0.5060403943061829, 0.1491086333990097, 0.69342440366745, -0.41434428095817566, 1.4289219379425049, -0.13253270089626312, 0.1650904268026352, 0.9440752267837524, -1.25697922706604, -0.7775591611862183, -0.8524888157844543, -1.6125128269195557, -0.29403242468833923, 0.694934070110321, 0.5936031341552734, 0.8448418378829956, 0.642288863658905, 0.4812193810939789, 0.028421763330698013, 1.0096068382263184, 0.3268434405326843, 0.6972073912620544, -1.1496479511260986, 0.07923073321580887, -0.46662452816963196, 0.5969085097312927, 0.9270642995834351, 0.38419201970100403, 0.8539615273475647, 1.4625757932662964, 0.15084956586360931, 0.4724982976913452, -0.6965072751045227, -0.6439229846000671, -0.06679962575435638, -1.6093473434448242, -0.10189973562955856, 0.5628817677497864, -0.005218025762587786, -0.7030277848243713, 0.7022874355316162, -0.12422358989715576, -0.5372732281684875, -0.41107413172721863, -0.3492875099182129, 0.16914156079292297, -0.11592011898756027, 0.06932656466960907, -0.33103662729263306, 1.0560719966888428, -0.0791497454047203, 0.906456470489502, -0.44901683926582336, 0.436847448348999, 0.9791020154953003, -0.005409105680882931, 0.4811704754829407, 1.3232553005218506, -0.5426126718521118, 0.8705105781555176, -0.3950153589248657, 