{"text": "{\n  \"status\": \"ok\",\n  \"action\": \"list\",\n  \"requesterSessionKey\": \"agent:main:main\",\n  \"callerSessionKey\": \"agent:main:main\",\n  \"callerIsSubagent\": false,\n  \"total\": 0,\n  \"active\": [],\n  \"recent\": [],\n", "embedding": [0.6453738212585449, -0.934641420841217, -3.506946563720703, -0.3680535554885864, 2.1541950702667236, -1.0302157402038574, 0.4040337800979614, 0.5576139092445374, 0.6533038020133972, -0.28225529193878174, -0.7117725014686584, 1.8693218231201172, 0.5935536623001099, -0.09320046007633209, -0.08389034867286682, -1.3082730770111084, -0.3854891359806061, -0.9619585871696472, -0.4441491663455963, 0.7861730456352234, 0.7470361590385437, 0.22938059270381927, 0.5869726538658142, -0.3305625319480896, 1.5734753608703613, 1.198957085609436, 0.7848498821258545, 0.3812432885169983, -0.3777309060096741, 0.3987778127193451, -0.06684239953756332, 0.3154301643371582, 0.1750945895910263, -0.5383219718933105, -0.28584983944892883, -0.407272070646286, 0.8993186354637146, 0.41247206926345825, 0.2909437119960785, -1.1274609565734863, -0.47255024313926697, 0.19023865461349487, -0.6628565192222595, -0.999462902545929, -0.06663275510072708, -0.5092772245407104, 0.4392057955265045, 0.3452838361263275, 0.2580593526363373, -1.0960578918457031, 0.6065308451652527, -0.16394677758216858, 0.036637987941503525, -0.131202831864357, 1.4211204051971436, 1.2310960292816162, -1.0093462467193604, 0.37696897983551025, 0.20841757953166962, -0.6848040819168091, 1.0700887441635132, 0.2733161151409149, -0.19577331840991974, 1.5849852561950684, 1.012717366218567, -0.8248651623725891, -1.3313859701156616, 0.5442966222763062, 0.40204471349716187, -0.17207948863506317, 0.3780909478664398, 0.006018930114805698, -0.4035740792751312, 0.3871768116950989, -0.24087227880954742, 0.8410195112228394, -1.1562837362289429, -0.0017259294399991632, -0.2391037791967392, 0.6400954723358154, -0.5350533723831177, -0.6974987983703613, 1.3934046030044556, -0.5372535586357117, 0.6630938649177551, -0.27337539196014404, -0.7259412407875061, -0.11470284312963486, -1.1583446264266968, 1.0822653770446777, -0.12291000038385391, 0.4987088441848755, 0.4873051643371582, 0.3811916708946228, -1.2736005783081055, 1.2376588582992554, -0.507572591304779, 0.1988162100315094, -1.0640944242477417, -1.311888337135315, -0.12307903915643692, 1.0344347953796387, 0.05721846967935562, -0.9242419004440308, 0.46072083711624146, 0.9171197414398193, -0.22415056824684143, 0.1280175894498825, -0.5565261244773865, -0.3050662577152252, -0.5393186211585999, 0.6901119947433472, -0.3969200551509857, 0.05117347836494446, 0.19400255382061005, -0.6783522963523865, 1.2323077917099, -0.5282636880874634, 0.04209369048476219, -0.5570476651191711, -0.5081964135169983, -0.04511363431811333, 0.5523086786270142, 0.8070113658905029, -0.3898596167564392, -0.16664889454841614, -0.19966790080070496, 1.466504454612732, 0.03518364205956459, -0.7235104441642761, -0.4800785779953003, -0.3597395122051239, -1.0913773775100708, 0.387604683637619, 0.5742617249488831, 0.9768722653388977, -1.602386713027954, -0.765564501285553, 0.09446743130683899, -0.24682199954986572, 0.1482921838760376, 0.11605966091156006, 0.06252025067806244, -0.12866921722888947, -0.0853603258728981, -1.4409077167510986, 1.1921164989471436, 0.09686138480901718, 0.2249821573495865, 0.39825692772865295, 0.22813980281352997, 0.644320011138916, -0.12604276835918427, 0.0974697545170784, 0.6855812668800354, 0.08805827796459198, 0.5155951976776123, -0.09078530222177505, -0.23372526466846466, -0.2630782127380371, 1.2333214282989502, -0.20194976031780243, -0.15094366669654846, 0.5437036752700806, -0.40989792346954346, -1.515716314315796, 0.2065732628107071, 0.22569367289543152, 0.47886234521865845, 0.5326429605484009, -1.1513222455978394, -0.8466712236404419, -0.09423618763685226, -0.08474498987197876, -0.18897894024848938, -0.7709144949913025, 0.5852704644203186, -0.5062757134437561, 0.8100295662879944, -0.9257991909980774, 0.2925214171409607, -0.3690851926803589, 1.275693416595459, 0.3901239037513733, -0.2912199795246124, -0.38977569341659546, -0.2219047248363495, -0.23542483150959015, -0.5593502521514893, -0.4974842667579651, -0.39391589164733887, 0.2777087688446045, -0.6148766279220581, -0.09087465703487396, -0.3023151159286499, -0.3431113660335541, 0.8691222071647644, -0.8989699482917786, 0.9453466534614563, -0.7180303931236267, -0.017046764492988586, -0.5341157913208008, -1.3459352254867554, 0.46219438314437866, -0.8121915459632874, -0.5332424640655518, 0.14266210794448853, 0.9180001616477966, 0.05437368527054787, 0.3317597806453705, 1.4614784717559814, -0.7837397456169128, -0.011930867098271847, -0.5408943891525269, 0.389129638671875, -0.5677775144577026, 0.18062454462051392, -0.47092437744140625, -0.227729931473732, 0.38644939661026, 0.45236021280288696, 0.6027663350105286, 0.03958583250641823, 0.16116338968276978, 0.9636490345001221, 0.7771468758583069, -0.575271487236023, 0.7822468876838684, -1.2376381158828735, -0.055809929966926575, -0.6397106647491455, -0.6914740800857544, -0.1138758584856987, 0.24198296666145325, -0.20793099701404572, -0.049104876816272736, 0.6199080944061279, 1.0958131551742554, 0.26628556847572327, 0.6159828901290894, 0.23103880882263184, 0.3996065855026245, -0.46221449971199036, 0.31528934836387634, 0.09912563115358353, -0.012276693247258663, -0.8053781390190125, -0.26390305161476135, -0.17493027448654175, 1.0121501684188843, -0.5399412512779236, -0.02761843614280224, 1.169924259185791, 1.2009267807006836, 1.085949182510376, -0.7234851717948914, -1.558873176574707, -0.25056520104408264, 1.0841031074523926, -0.5179213285446167, 0.4599623680114746, 0.9539313912391663, 0.7683253884315491, 0.15119260549545288, -0.026639554649591446, -1.7538812160491943, 0.2381981760263443, -0.3662787079811096, 0.24997229874134064, 0.31277531385421753, -0.22532765567302704, -0.008718591183423996, 0.7910686135292053, 1.3333046436309814, 0.38114985823631287, 0.9194419384002686, 0.3935661017894745, 0.5263106226921082, -0.1349160373210907, 0.7123696208000183, -1.1221100091934204, 0.2680859863758087, -0.6903330087661743, 0.6866129636764526, -0.4741292893886566, 0.11024649441242218, 0.7578548789024353, 0.2806917726993561, 0.22243906557559967, -0.21938034892082214, 0.3039313554763794, -0.026714347302913666, -0.27420589327812195, 1.1754661798477173, -0.636720597743988, -0.36085689067840576, 0.7745660543441772, -0.4953194260597229, 0.5503726601600647, -0.16912786662578583, 0.25857266783714294, 1.0753674507141113, 0.7176565527915955, 0.3284071087837219, -0.1558360457420349, -0.9248513579368591, 0.36521515250205994, -0.9128819704055786, 0.4545481503009796, -0.18743117153644562, -0.34399718046188354, 0.4664994478225708, -0.5819733142852783, -0.2241692841053009, -1.1539379358291626, 1.0552629232406616, 0.36806684732437134, 0.39997655153274536, 0.6665463447570801, -0.3777958154678345, -0.5964213609695435, -0.8973690271377563, 0.36658766865730286, -0.6488632559776306, 0.6447259187698364, 0.1714571863412857, -0.3796711266040802, 0.6473855972290039, -0.20401674509048462, 0.12845483422279358, 0.2729969620704651, 0.22509728372097015, 0.9300671815872192, -0.9328744411468506, -0.4506402611732483, 0.28683364391326904, -0.2888101041316986, -0.09621696919202805, -0.15325769782066345, 0.9063974618911743, 0.8947720527648926, -1.074256420135498, 0.4021948277950287, -0.12282323092222214, 0.24641123414039612, 0.3715983033180237, -1.1486808061599731, -0.41052404046058655, 0.25387048721313477, 0.6274092793464661, -1.7524139881134033, 0.646477997303009, 0.34521356225013733, 0.1644812822341919, 0.2807025611400604, -0.24419115483760834, 0.3464333117008209, 0.16466723382472992, 0.05391191691160202, 0.12771150469779968, 1.0586954355239868, 0.1468110829591751, -0.781252384185791, -0.6009197235107422, 0.22349801659584045, 1.1476236581802368, -0.13255633413791656, -0.04839538037776947, 1.363189458847046, 0.046500302851200104, 0.335776686668396, -1.0691156387329102, 