{"text": "# meeseeks-communication/shared-state.json\n{\n  \"workers\": {\n    \"mee_1\": {\n      \"status\": \"running\",\n      \"progress\": 45,\n      \"findings\": [\"found X\", \"found Y\"]\n    },\n    \"mee_2\": {\n      \"status", "embedding": [-0.5010588765144348, 0.20388861000537872, -3.225083827972412, -1.2848105430603027, 0.9212902784347534, -1.182247281074524, -0.4941548705101013, 1.2777215242385864, 0.4791400134563446, -1.0010932683944702, -0.5450037717819214, 0.32460182905197144, 0.8556814789772034, 0.5942274332046509, -0.1173112615942955, -0.05069170892238617, 0.24282141029834747, 0.1340322196483612, -0.6342579126358032, 0.36318257451057434, 0.1639028936624527, 0.30083340406417847, 0.06309835612773895, -0.6172881126403809, 1.4069942235946655, 1.8005928993225098, 0.347491592168808, -0.1796102672815323, -0.6081889271736145, -0.18908487260341644, 0.15617519617080688, -0.8675197958946228, -0.1266828030347824, -0.6783424019813538, -1.1917811632156372, -1.0363123416900635, 0.11575391888618469, -1.2968692779541016, 0.29244765639305115, -0.5536535382270813, 0.7290067672729492, 0.2343609780073166, -0.242887482047081, -1.1077948808670044, 0.9068355560302734, -0.27484607696533203, 0.9184041619300842, -0.11526098102331161, 1.3837969303131104, -1.3987746238708496, 0.7308811545372009, 0.23739200830459595, 0.7104776501655579, -0.1827201396226883, 1.9827582836151123, -0.05005030706524849, -0.9242687821388245, -0.5353041887283325, -0.07681632041931152, -1.0003626346588135, 1.5031861066818237, 0.9794954657554626, -0.6057184934616089, 0.8828901648521423, 0.699601411819458, 0.6141150593757629, -0.4823543131351471, 1.7650468349456787, 0.5767209529876709, -0.6501485705375671, -0.0924522876739502, 0.1476428359746933, 0.17508630454540253, -0.036300238221883774, 1.0003594160079956, 0.7838832139968872, 0.09294817596673965, -1.1787192821502686, -0.6807291507720947, 0.8369478583335876, 0.32867348194122314, -0.7311727404594421, 1.3167123794555664, -0.6529235243797302, 0.6812683343887329, -0.1519528478384018, -0.26939839124679565, -0.16445833444595337, -0.8830474019050598, 0.9601970314979553, -0.09522058069705963, -0.17663249373435974, 0.28338372707366943, 0.20855334401130676, -1.5726969242095947, -0.18806006014347076, 0.2045089304447174, 0.749630331993103, -0.9714223742485046, -0.39418625831604004, -0.8285861015319824, -1.2589681148529053, -0.3575408160686493, -0.6139553189277649, 0.6643407344818115, 0.8849708437919617, -0.6011751890182495, 0.21004170179367065, 0.7413714528083801, 0.7998981475830078, -0.23439307510852814, 0.231536865234375, 0.9249300956726074, -0.40012404322624207, 0.34018224477767944, -0.8149877786636353, 0.5348555445671082, -0.6358370780944824, -0.26349586248397827, 0.12167780846357346, 0.12542089819908142, -0.7447533011436462, -0.10259798169136047, 0.6789602041244507, 0.09994710236787796, -0.0673733800649643, -0.648308515548706, -0.5988169312477112, 0.6319739818572998, -0.593904972076416, -0.599370002746582, 0.03795814886689186, -1.0148687362670898, 0.2694386839866638, -0.2066941112279892, 0.6399427652359009, -1.3508272171020508, 0.06871911138296127, 0.042653150856494904, -0.476613312959671, 0.5765246152877808, 0.8020237684249878, -0.43602222204208374, -0.27232468128204346, 0.2426522821187973, -0.7405124306678772, 0.036575790494680405, -1.2035480737686157, -0.9334936141967773, 0.7236192226409912, -0.06442660093307495, 0.05283871293067932, -0.5969786047935486, 0.4054698944091797, 0.6146332025527954, -0.44670793414115906, -0.38766786456108093, -0.16543136537075043, 0.3142561614513397, 1.5495915412902832, 0.599469006061554, -0.22252431511878967, -0.4348720610141754, 0.34286758303642273, -0.38568219542503357, -0.38707074522972107, 0.6851125955581665, 1.1438581943511963, 0.4963059723377228, 0.34090161323547363, -1.158880591392517, -1.1732949018478394, -0.3006420433521271, 0.625964879989624, -0.44339731335639954, -0.11505487561225891, 0.6572859287261963, -1.1481367349624634, 0.477972149848938, 0.046189550310373306, 1.070990800857544, -1.1479648351669312, 1.5114262104034424, 0.34981513023376465, -0.7738450765609741, 0.5983198285102844, -0.1923876702785492, -0.9629717469215393, 0.3506341874599457, -0.033538177609443665, -0.04451747611165047, -0.32283949851989746, -0.912002682685852, -0.08625708520412445, -0.26586028933525085, -0.9861897826194763, 0.021144026890397072, -1.1859691143035889, 0.4411001205444336, -0.7430303692817688, -0.27040186524391174, 0.19130167365074158, -0.5213067531585693, 0.032446540892124176, -0.32436296343803406, 0.398576021194458, 0.006698553916066885, 0.5677663683891296, -0.0030284288804978132, 0.6605395078659058, 1.2785600423812866, -0.7784411311149597, -0.22734910249710083, 0.4370264708995819, 0.6149564385414124, 0.09294398128986359, 0.16388799250125885, -0.23222360014915466, -0.15844987332820892, 0.5784381628036499, 0.013717563822865486, -0.2606631815433502, 0.8501099348068237, 0.039289362728595734, 0.6695635914802551, -0.5439444780349731, -0.6995046734809875, 0.173568457365036, -0.7231432795524597, -0.25298020243644714, -0.11299752444028854, -0.619938313961029, 0.884410560131073, 0.08963166177272797, -0.21781134605407715, 0.4585599899291992, 0.08020810037851334, 1.0013973712921143, 0.059449389576911926, 0.20688767731189728, 0.5245508551597595, -0.134111687541008, -0.2578652501106262, 0.08550258725881577, -0.7433186769485474, 0.9878848195075989, 0.13301870226860046, -0.32378512620925903, 0.4294046461582184, 0.8686593770980835, 0.0067586288787424564, -0.6400855183601379, 0.1397406905889511, 0.7478471994400024, 0.4110649824142456, -1.5104620456695557, 0.3935469090938568, 0.35416874289512634, 0.2982105016708374, -0.582281768321991, -0.10503862798213959, -0.6070709824562073, 0.15975351631641388, -1.0538743734359741, 0.0595037005841732, -0.6892606019973755, -0.6637033224105835, 0.22219690680503845, 0.2821352481842041, -0.4523674249649048, 0.08015061914920807, 0.7184616923332214, 0.14133352041244507, 1.6504261493682861, -0.07005337625741959, 0.26616284251213074, 0.2838021218776703, -0.041457757353782654, -0.7595526576042175, 0.3186306059360504, -0.5803870558738708, 0.31965088844299316, 0.23905232548713684, -0.4473523199558258, -0.11039615422487259, -0.21351318061351776, 0.12230752408504486, -0.169946551322937, 0.8068715929985046, 0.27446162700653076, 0.9723658561706543, 0.37345385551452637, 0.1245671808719635, 0.8013876676559448, -0.5996443629264832, 0.7255046963691711, 0.7765423059463501, -0.7814525365829468, 0.20166845619678497, -0.7432701587677002, 0.7389522790908813, 1.084039330482483, 1.1873161792755127, 0.1806551218032837, 0.3393438458442688, -0.45903462171554565, -0.945780336856842, 0.24803043901920319, -0.1260349452495575, 0.6619762778282166, -0.5698838829994202, -0.22417397797107697, -0.7965908646583557, 0.23539836704730988, -1.7129020690917969, 1.3663612604141235, 1.1089231967926025, 0.5171739459037781, 0.6503292322158813, -0.39569661021232605, 0.2211243361234665, -0.5142174363136292, 0.16150347888469696, -0.5767478346824646, 0.43859925866127014, 1.0393339395523071, -0.3136550784111023, 1.1116752624511719, -1.0030449628829956, 0.39168304204940796, -0.2403884381055832, 0.3617902100086212, 0.8518287539482117, -1.1920090913772583, -0.4928632080554962, 0.2774656414985657, -0.152759850025177, 0.20240885019302368, 0.28303271532058716, 0.926548957824707, 0.2147277146577835, -0.6615310907363892, -0.5091501474380493, -0.17047491669654846, 0.25255444645881653, -0.6454443335533142, -0.6701793670654297, 0.03933959826827049, 0.8497191071510315, 0.09732415527105331, -0.3099888861179352, 1.1684788465499878, -0.5503607988357544, 0.028663471341133118, -0.309090793132782, -0.1768464893102646, 0.18131347000598907, -0.34209370613098145, -0.46178507804870605, 0.7232057452201843, 1.0177818536758423, 0.11233151704072952, -0.5674362778663635, 0.2598492205142975, -0.21087369322776794, 0.8648993372917175, 0.9846247434616089, -0.38163766264915466, 1.1492972373962402, 0.19438636302947998, 0.04421056807041168, -0.7360520958900452, 