{"text": "{\r\n  \"total\": 11,\r\n  \"success\": 11,\r\n  \"failed\": 0,\r\n  \"success_rate\": \"100.0%\",\r\n  \"avg_duration_ms\": 92853.54545454546\r\n}", "embedding": [1.532634973526001, 0.7046840786933899, -4.104458332061768, 0.10251028090715408, 1.5293463468551636, -0.5666930079460144, 1.2633943557739258, -0.13186608254909515, 0.1186237782239914, -0.18668334186077118, -0.4280608892440796, 0.6984052062034607, 1.6364041566848755, 0.2694714367389679, 0.12693095207214355, -0.49170681834220886, 0.1809127777814865, -1.7951761484146118, -0.9815682768821716, 1.2122759819030762, -0.23162144422531128, -1.4812517166137695, -0.7113702297210693, -0.5360381007194519, 1.3678619861602783, 1.2289549112319946, -0.8951164484024048, 0.22040033340454102, -1.4439867734909058, 0.2143077552318573, 0.6365978121757507, 0.08389374613761902, 0.09826728701591492, -0.932746171951294, -1.4881300926208496, -0.3807941973209381, -0.3926987946033478, -0.05762959271669388, 0.6767741441726685, -0.8414956331253052, 0.2724796533584595, -0.9944119453430176, 0.5378616452217102, 0.013029993511736393, 0.43729478120803833, 0.5714073777198792, 0.24315178394317627, 0.5015345811843872, 0.5744724869728088, -0.5868474245071411, 0.3907575309276581, -0.061404403299093246, 0.3153814375400543, -0.9198229908943176, 1.4799031019210815, 0.8704704642295837, -2.1728856563568115, 0.05081899091601372, 0.5574320554733276, 0.08159901201725006, 1.8379851579666138, -0.2105029672384262, -0.06355711817741394, 1.1242731809616089, 1.1085337400436401, -0.07005319744348526, -0.37499624490737915, 0.9518688321113586, 0.14237499237060547, -0.22271354496479034, 0.8329219818115234, -0.22323988378047943, -0.29616105556488037, 0.1727258563041687, -0.7726941704750061, -0.4272770583629608, -0.789681613445282, -0.9058428406715393, -0.009574595838785172, 0.5729270577430725, 0.36247518658638, -0.8560733795166016, 0.3552185297012329, -0.06262729316949844, 0.8136578798294067, -0.7950465679168701, -0.06068092957139015, -0.4639258086681366, -1.150255799293518, 1.609948754310608, 0.35010772943496704, 1.0594148635864258, 0.36534446477890015, 0.9515610933303833, -1.42662513256073, -0.015404976904392242, -0.08830055594444275, 0.5797228813171387, -0.3334014415740967, 0.8208271265029907, -0.02008170075714588, 0.5830195546150208, -0.22272557020187378, -0.5910026431083679, 0.375532329082489, 1.5613359212875366, 0.7541628479957581, -0.4154447317123413, 0.3508767783641815, 0.2168176770210266, -0.8270848393440247, 0.429739773273468, -0.5118889212608337, -0.9958391785621643, 0.06933078169822693, 0.07725032418966293, 1.627705693244934, -0.7082785964012146, -0.42884692549705505, -0.2301904708147049, 0.11751928180456161, -0.08575493097305298, 0.06911534070968628, 0.5618062615394592, -0.7887842655181885, -0.16017533838748932, -0.452406108379364, 0.8794604539871216, 0.5013883113861084, 0.37360572814941406, -0.2221251130104065, -0.9225040078163147, -0.9157196879386902, 0.4784354865550995, 0.5619126558303833, 1.3504712581634521, 0.35406994819641113, -0.3707019090652466, -0.1522606909275055, 0.46020010113716125, -0.24874599277973175, -1.2128926515579224, -0.07499370723962784, 0.3173295557498932, -0.09677771478891373, -1.331998348236084, 0.8947957158088684, 0.49181094765663147, -0.8508474826812744, -0.021876255050301552, 0.4684377610683441, -0.3643673360347748, 0.5196025371551514, 0.5290098190307617, 0.05613087862730026, -1.2818458080291748, -0.07545483857393265, 0.017573513090610504, 0.04228939861059189, 0.10644087195396423, 1.4550774097442627, -0.08500456809997559, -0.8950840830802917, 0.755757212638855, -0.41530200839042664, -0.8311402201652527, 0.23972846567630768, 0.7383816838264465, 0.1775122582912445, 0.2362993210554123, -0.7700413465499878, -0.9919596314430237, -0.3479360044002533, -0.3179703950881958, -0.4442741572856903, 0.06129954010248184, 0.47794511914253235, 0.09237659722566605, 0.20343466103076935, -0.5088081955909729, 1.558284044265747, -1.0607647895812988, 0.5054845213890076, 0.2789260149002075, 0.06858694553375244, -0.6438236236572266, 1.4604893922805786, 0.11542042344808578, -1.2638930082321167, -0.023019876331090927, 0.37990257143974304, -0.03796010836958885, -0.8729803562164307, -0.23645572364330292, -1.01359224319458, 0.379631370306015, 1.6130719184875488, -0.1530117690563202, 1.0179193019866943, -0.6856694221496582, -0.42937663197517395, 0.7690612077713013, -0.7493071556091309, -0.06932928413152695, -1.2372552156448364, 0.31447574496269226, 0.07991798967123032, 1.1231896877288818, -0.5610080361366272, 1.1364022493362427, 1.4516570568084717, -0.5993795990943909, -0.544344425201416, 0.3543245494365692, 0.18000684678554535, -0.8468227982521057, -0.24511197209358215, -0.7273041605949402, 0.14573390781879425, 0.7273849248886108, 0.20596085488796234, 0.06068497523665428, -0.44724157452583313, -0.4686671495437622, 1.1680817604064941, 0.5994800329208374, -1.0603129863739014, 0.4203656017780304, -0.8468429446220398, 0.29008668661117554, 0.4497014284133911, -1.0122613906860352, 0.6582089066505432, -0.2872176468372345, -0.507669985294342, 0.7065169811248779, -0.2793765664100647, 0.7436505556106567, 0.3566650450229645, 1.3055953979492188, 0.21049287915229797, 0.2009468972682953, -0.6872665286064148, 0.44571584463119507, -0.763663113117218, 0.018983544781804085, -0.743363082408905, -0.1159994974732399, -0.1308629810810089, 0.9287100434303284, -0.1852790266275406, 0.7088888883590698, 1.2745332717895508, 0.24187734723091125, 0.6316874027252197, -0.20225808024406433, -0.9005954265594482, -0.17004366219043732, 0.012142411433160305, 0.24990198016166687, 0.08054374158382416, 0.06057830527424812, 0.3727385699748993, -0.6583169102668762, -1.0360076427459717, -1.3792544603347778, -0.6328433156013489, -0.35497719049453735, -0.0361432321369648, -0.007017242256551981, 0.16796480119228363, 0.6438805460929871, 0.4131283462047577, 1.371034860610962, 0.483706533908844, -0.1644238531589508, 0.8506166934967041, 0.3695618212223053, 0.2532831132411957, -0.027853311970829964, -1.5232625007629395, -0.5038220882415771, -0.4986724853515625, 0.41276630759239197, 0.33966895937919617, -0.42275023460388184, 1.2109044790267944, -0.007605261169373989, 0.3459129333496094, 0.6079084873199463, -0.22788512706756592, -0.0657762810587883, -0.2100972980260849, 0.2533952295780182, 0.39165541529655457, 0.5535121560096741, 1.4195412397384644, -0.7118284702301025, 0.4330490827560425, -0.9058524370193481, -0.2891019582748413, 0.7979073524475098, 0.015516644343733788, -0.26244497299194336, -0.8983726501464844, -0.6616002321243286, -0.21953611075878143, 0.5038239359855652, 0.9661312103271484, -0.12305369973182678, 0.013459954410791397, 0.03067009523510933, -0.46192994713783264, 0.3374670743942261, -0.06436721235513687, 0.8932255506515503, 0.11925873905420303, 0.6900584697723389, 0.42250972986221313, 0.7296993136405945, 0.3010452091693878, -0.861992597579956, -0.06228240951895714, -0.21954955160617828, 0.33969223499298096, 0.6161706447601318, -0.643404483795166, 1.0797417163848877, -0.3888678252696991, 0.5435419678688049, 0.21824772655963898, 0.4823257625102997, 0.3636695146560669, -1.0450712442398071, 0.2729531526565552, 0.9461684226989746, -0.24061183631420135, 0.07019653171300888, -0.5422408580780029, 1.2512708902359009, 0.2969372272491455, -0.13055486977100372, 0.18280208110809326, -0.7138694524765015, -0.5681755542755127, -0.03345504403114319, -0.8710861206054688, -0.30582141876220703, 0.5088363289833069, 0.604022741317749, -0.47143709659576416, -0.0383114367723465, -0.31425806879997253, -0.256226122379303, 0.6534045338630676, 0.2806646227836609, 0.662473738193512, 1.3727160692214966, 0.2602720856666565, -0.1845559924840927, 1.1105295419692993, 0.5933022499084473, -0.29827171564102173, -0.742377758026123, -0.37521111965179443, 1.4006472826004028, 0.3272399604320526, 0.38962504267692566, 0.4871196150779724, -0.4479749798774719, -0.36348432302474976, -0.27007347345352173, 0.31844258308410645, -0.04489230737090111, -0.1110152155160904, 0.3428514301776886, -1.8217263221740723, 