{"text": "{\r\n  \"total\": 2,\r\n  \"success\": 2,\r\n  \"failed\": 0,\r\n  \"success_rate\": \"100.0%\",\r\n  \"avg_duration_ms\": 0.0\r\n}", "embedding": [1.5696396827697754, 0.3375356197357178, -4.100956916809082, 0.22709371149539948, 1.6283771991729736, -0.6186495423316956, 1.2624530792236328, -0.358944833278656, -0.26020485162734985, -0.2972453534603119, -0.42441853880882263, 0.8653634190559387, 1.8635549545288086, 0.4022495448589325, -0.07147727906703949, -0.5129225850105286, 0.3159480094909668, -1.7882226705551147, -1.1900768280029297, 1.2307989597320557, -0.13127754628658295, -1.4390935897827148, -0.49209290742874146, -0.37821513414382935, 1.3088740110397339, 1.192923903465271, -0.39413297176361084, 0.20942941308021545, -1.4354480504989624, 0.17570747435092926, 0.31931474804878235, 0.23793552815914154, 0.12634560465812683, -1.0656896829605103, -1.257834553718567, -0.4310985803604126, -0.2408161163330078, -0.17430008947849274, 0.46539542078971863, -0.9766715168952942, 0.05776140093803406, -0.9713175892829895, 0.24468404054641724, -0.30496081709861755, 0.38242247700691223, 0.21923714876174927, 0.0775306299328804, 0.6744686961174011, 0.5485817790031433, -0.6945944428443909, 0.6942890882492065, -0.2604154944419861, 0.4895262122154236, -0.7419093251228333, 1.5535391569137573, 0.8921971321105957, -1.7928736209869385, -0.005719012580811977, 0.7626894116401672, -0.08560755848884583, 1.5954904556274414, -0.3401837646961212, -0.013669803738594055, 1.179031252861023, 1.0867608785629272, -0.3494005501270294, -0.42917221784591675, 0.780803918838501, 0.22215528786182404, 0.04397980868816376, 0.8208243250846863, 0.03639109060168266, -0.27541154623031616, -0.09365233033895493, -0.6615966558456421, -0.24181640148162842, -1.0062243938446045, -0.8881012201309204, -0.16475875675678253, 0.5738840103149414, 0.06297322362661362, -0.8396028280258179, 0.567119300365448, -0.1399371325969696, 0.9471898078918457, -0.626743733882904, 0.07549244165420532, -0.7843927145004272, -1.4514304399490356, 1.5841976404190063, 0.16590730845928192, 0.8222954869270325, 0.5204123258590698, 1.1092976331710815, -1.6384038925170898, -0.11855018883943558, -0.04546019434928894, 0.7422873377799988, -0.11606870591640472, 0.8354570269584656, -0.10166561603546143, 0.6045849323272705, -0.09416691958904266, -0.6576281785964966, 0.6342847943305969, 1.364424705505371, 0.547961413860321, -0.1762322187423706, 0.2695540189743042, 0.27259987592697144, -0.8653625845909119, 0.6392600536346436, -0.48877188563346863, -0.9209415316581726, 0.03668387606739998, -0.3079940378665924, 1.6917150020599365, -0.8505154252052307, -0.498796671628952, 0.027470534667372704, 0.14488880336284637, -0.17324233055114746, 0.06401685625314713, 0.5065304636955261, -0.7897531390190125, 0.11336354166269302, -0.635850727558136, 0.972780168056488, 0.4366627037525177, 0.046575162559747696, 0.030334439128637314, -0.9124504923820496, -0.8752344250679016, 0.43011441826820374, 0.5900624990463257, 1.061629056930542, 0.14880400896072388, -0.3365955054759979, -0.24097953736782074, 0.3366348445415497, -0.47411641478538513, -1.1761983633041382, -0.07577977329492569, 0.429476797580719, -0.2378622442483902, -1.3622037172317505, 1.0385243892669678, 0.3410789370536804, -0.8677496314048767, -0.03235568478703499, 0.37336280941963196, -0.3056132197380066, 0.39639145135879517, 0.3675517737865448, 0.09655167907476425, -1.0144500732421875, -0.11694900691509247, -0.1365983784198761, -0.06549280881881714, 0.10866443812847137, 1.3735581636428833, -0.1238376721739769, -0.8145814538002014, 0.6401048898696899, -0.39865395426750183, -0.5682526230812073, 0.24133647978305817, 0.6660279035568237, 0.060825612396001816, 0.2765926718711853, -0.7407814264297485, -0.9547098875045776, -0.32561615109443665, -0.23266085982322693, -0.3178069293498993, 0.10125783085823059, 0.5914998054504395, 0.05231232941150665, 0.3468042016029358, -0.7388105392456055, 1.1950926780700684, -1.0420315265655518, 0.44166508316993713, 0.32577309012413025, 0.10438970476388931, -0.6284546256065369, 1.382315754890442, 0.18537628650665283, -1.4072948694229126, 0.09064216911792755, 0.32223910093307495, -0.04630561172962189, -0.9533281326293945, -0.28122058510780334, -0.9412863850593567, 0.3788996636867523, 1.7157034873962402, -0.17724676430225372, 1.1044719219207764, -0.7863937616348267, -0.215871661901474, 0.3848288953304291, -0.7164015173912048, -0.13694164156913757, -1.2798043489456177, 0.3188072443008423, 0.27615469694137573, 1.216617465019226, -0.536640465259552, 1.1657187938690186, 1.6117783784866333, -0.4535045623779297, -0.4813237190246582, 0.4270850121974945, 0.2449820339679718, -0.9518412947654724, -0.2483433037996292, -0.8872849345207214, -0.09195775538682938, 0.36753562092781067, 0.08300979435443878, 0.2524462640285492, -0.359483927488327, -0.6611692309379578, 1.2290332317352295, 0.6673428416252136, -0.9746295213699341, 0.445980042219162, -0.9506606459617615, 0.43349602818489075, 0.3822832703590393, -1.1543097496032715, 0.7256247997283936, -0.3454029858112335, -0.1786693036556244, 0.6335192918777466, -0.1544259935617447, 0.9884684681892395, 0.5529028177261353, 1.1385407447814941, 0.4423404932022095, 0.3031900227069855, -0.4070124626159668, 0.31169623136520386, -0.6425889134407043, -0.0432094931602478, -0.6264593005180359, -0.04587177187204361, 0.11088278144598007, 0.973413348197937, -0.35290995240211487, 0.5936001539230347, 0.981717050075531, 0.049565501511096954, 0.5594428777694702, -0.5125871300697327, -1.1158690452575684, -0.1978127658367157, 0.0320834182202816, 0.23409388959407806, 0.1648852825164795, 0.05506034567952156, 0.23681668937206268, -0.36849960684776306, -0.8375028371810913, -1.3532391786575317, -0.5003418922424316, -0.37605735659599304, 0.23185040056705475, 0.06038781255483627, 0.039519309997558594, 0.6539346575737, 0.4012488126754761, 1.3843331336975098, 0.5606666207313538, -0.18961240351200104, 0.7749648690223694, 0.358340859413147, 0.36632707715034485, 0.0010647614253684878, -1.5519464015960693, -0.4499185383319855, -0.6714774370193481, 0.5916367173194885, 0.29390692710876465, -0.40656641125679016, 0.9415022134780884, 0.06552080065011978, 0.4711201786994934, 0.5539020299911499, -0.13664858043193817, 0.15790994465351105, -0.3179951608181, 0.23591899871826172, 0.11407745629549026, 0.384245902299881, 1.3683520555496216, -0.5277528762817383, 0.4539799690246582, -0.9478357434272766, -0.5130019783973694, 0.9254859685897827, 0.19785809516906738, -0.029932525008916855, -0.991784930229187, -0.6997252106666565, -0.3326508700847626, 0.18716448545455933, 1.2678815126419067, -0.15289399027824402, 0.06548868119716644, -0.05946289747953415, -0.7355165481567383, 0.4479423761367798, -0.02206726185977459, 1.127078652381897, 0.12637348473072052, 0.7926726937294006, 0.574867844581604, 0.6464210748672485, 0.1773243546485901, -0.912078857421875, -0.16954097151756287, -0.4200218617916107, 0.21222816407680511, 0.3973965644836426, -0.6556578874588013, 0.8062891960144043, -0.428252637386322, 0.5192686319351196, 0.4670470356941223, 0.6283970475196838, 0.41415125131607056, -1.1287086009979248, 0.4599921405315399, 1.040342926979065, -0.13145916163921356, 0.05158240348100662, -0.45128539204597473, 1.2952675819396973, 0.40866154432296753, 0.0626358687877655, 0.145557701587677, -0.5067191123962402, -0.4868262708187103, 0.10738039761781693, -0.752047598361969, -0.3753194510936737, 0.5851953625679016, 0.40386056900024414, -0.6140108108520508, 0.17288918793201447, -0.31607064604759216, 0.22463788092136383, 0.6631821393966675, 0.23300376534461975, 0.9543677568435669, 1.2732137441635132, 0.36547648906707764, -0.26031482219696045, 1.0709357261657715, 0.44553881883621216, -0.623698353767395, -0.7573028802871704, -0.35670626163482666, 1.1592763662338257, 0.3431394100189209, 0.4541100561618805, 0.37647348642349243, -0.40820035338401794, -0.07477899640798569, -0.019611308351159096, 0.5354710817337036, 0.2819751501083374, -0.07448544353246689, 0.15243665874004364, -1.6467797756195068, -0.9292426705360413, 