{"text": "{\r\n  \"query\": \"test query\",\r\n  \"search_type\": \"memory\",\r\n  \"recency_days\": null,\r\n  \"total_results\": 2,\r\n  \"results\": [\r\n    {\r\n      \"rank\": 1,\r\n      \"score\": 0.5821,\r\n      \"source\": \"memory\",\r\n   ", "embedding": [0.5932459235191345, 0.6965042948722839, -3.5398006439208984, -1.1898326873779297, 0.9939424991607666, -1.4202631711959839, 0.8816242218017578, -0.35896968841552734, 0.4342769980430603, -1.2507729530334473, -0.6873769164085388, 0.0422620065510273, 1.5372204780578613, -0.2662902772426605, -0.48931369185447693, -0.6715323328971863, -0.1279505342245102, -1.932401180267334, -0.6696850657463074, 0.49380064010620117, 0.756669819355011, -0.4668850302696228, -0.7563429474830627, -0.13502082228660583, 0.6799495220184326, 1.0837481021881104, -0.5901720523834229, -0.04928247630596161, -1.1238863468170166, 0.21924947202205658, 0.798718273639679, -0.37901952862739563, 0.14372487366199493, -0.8515245914459229, -0.45363035798072815, -0.06353554129600525, 0.4647347331047058, -0.12973900139331818, -0.16512137651443481, 0.5339369177818298, -0.5032495260238647, 0.36249062418937683, 0.5265582203865051, -0.8433563113212585, 0.31636130809783936, 0.3434171676635742, -0.33898183703422546, 0.37763041257858276, 1.2925293445587158, -0.906329870223999, -0.3331768214702606, -0.5889978408813477, 0.7012249827384949, -0.20313777029514313, 1.118983507156372, 0.2467958927154541, -0.8102365136146545, 0.029907982796430588, 0.8259089589118958, -0.3796946108341217, 1.0333857536315918, 1.0058376789093018, -0.4311767816543579, 0.9672106504440308, 0.6026870608329773, -0.07826577126979828, -0.1567739099264145, 1.0266305208206177, -0.4931116998195648, -0.16417381167411804, -0.13825996220111847, 0.15938013792037964, -0.20592744648456573, 0.1920728236436844, -1.041094422340393, 0.47506216168403625, -0.9045193791389465, -0.5060873031616211, -0.3473265469074249, 0.23442970216274261, 0.7174211740493774, -0.47092127799987793, 0.4596858024597168, 0.3877420723438263, 1.2764161825180054, -0.5702465772628784, 0.0006724876002408564, -0.5505011677742004, -0.14058499038219452, 1.552156686782837, 0.4009648263454437, 0.8873169422149658, 0.4303777813911438, 0.6822964549064636, -1.23770272731781, 1.3737387657165527, 0.729179859161377, 0.07716560363769531, 0.10775552690029144, -0.20736923813819885, 0.1929241567850113, 0.12146072834730148, -0.6173105835914612, 0.3109709322452545, 0.20320136845111847, 1.4606033563613892, -0.13800591230392456, -0.1126183420419693, -0.21273751556873322, -0.2390795201063156, -1.0598104000091553, 1.09737229347229, -0.4367750883102417, -0.4483945965766907, 0.9337735176086426, -0.33382460474967957, 1.1417872905731201, 0.31455114483833313, -0.08465449512004852, 0.4471946060657501, 0.5692417025566101, 0.15068072080612183, 0.14600922167301178, 1.1369569301605225, 0.3784502446651459, 0.15858618915081024, -0.4040107727050781, 0.2943271994590759, 0.3936724066734314, -0.3997167944908142, -0.8484386205673218, -0.46057698130607605, -1.3991485834121704, -0.14928360283374786, 0.766990602016449, 0.2674678564071655, -0.01956627517938614, -0.020977996289730072, 0.04540790617465973, -0.5653507709503174, -0.38113516569137573, -0.47295433282852173, -0.40862879157066345, -0.09279078990221024, 0.36126479506492615, -1.1025115251541138, 0.10701194405555725, 0.4937916398048401, -0.8054222464561462, 0.27946937084198, -0.31982430815696716, -0.41923093795776367, 0.09391483664512634, -0.23560065031051636, -0.15469877421855927, -1.0400179624557495, -0.3192407190799713, -0.13637849688529968, 0.4958164095878601, 1.0562022924423218, 0.5221694111824036, 0.1686587631702423, -0.46847960352897644, 0.7434080839157104, -0.07275836914777756, -0.7463430166244507, 0.5208452939987183, 0.7129834890365601, 0.133659228682518, -0.3999306559562683, -1.2253674268722534, -1.2853916883468628, 0.5142676830291748, -0.824100136756897, 0.06545885652303696, -0.7193210124969482, 0.8818397521972656, -0.10734927654266357, 0.994002103805542, -1.6449676752090454, 0.7248353362083435, -1.2144066095352173, 0.17115899920463562, 0.7021446824073792, -0.5252628922462463, -0.49027755856513977, 0.869801938533783, 0.2036341428756714, -0.7885116338729858, -0.3949072062969208, -0.16907581686973572, -0.3508577346801758, -1.4117685556411743, -0.2249632626771927, -0.3513179421424866, -0.7878080606460571, 1.0330086946487427, -0.19382713735103607, 0.24797464907169342, -0.6019641160964966, -0.15639305114746094, -0.49364015460014343, -0.3641676604747772, 0.5182278752326965, -0.8254351615905762, 0.13707366585731506, 0.7982097268104553, 0.816213846206665, -0.7679309844970703, 0.654291570186615, 1.068796992301941, 0.5796558260917664, -0.19834189116954803, 0.19956396520137787, 0.5880434513092041, -0.3533906936645508, 0.12164952605962753, -0.4885035455226898, -0.5599848031997681, 0.9935141801834106, 0.1999918818473816, -0.6183046698570251, -0.7366350889205933, 0.2840738892555237, 0.339275062084198, -0.09944460541009903, 0.0207551047205925, 0.2352360188961029, -0.43094125390052795, -0.16809891164302826, 0.04089909419417381, -1.8329771757125854, 0.5460339784622192, 0.3986026644706726, 0.1581699699163437, -0.22060343623161316, -0.2881377041339874, 0.9085623621940613, 0.258555144071579, 0.5895673632621765, 0.26986804604530334, 0.7170426249504089, -0.417530357837677, -0.5571022629737854, -0.40289828181266785, -0.4836854934692383, -0.2119831144809723, -0.1035793274641037, 0.640333890914917, 1.6209707260131836, -0.4765104651451111, 0.47300615906715393, 0.2695657014846802, 0.9177933931350708, -0.08554477244615555, -0.5068925619125366, -0.35722777247428894, 0.14576047658920288, 0.001893443986773491, -0.4978986978530884, 0.25395888090133667, -0.21327173709869385, 0.5283376574516296, -0.12328990548849106, -0.6653804183006287, -0.7183996438980103, -1.2775745391845703, -0.5821930766105652, -0.04902492091059685, 0.13909022510051727, -0.4351980686187744, 0.1864173859357834, 0.8304539918899536, 0.9299339652061462, 0.31276893615722656, 0.18260841071605682, 0.3088541328907013, -0.2738421559333801, -0.31101560592651367, 0.7042713761329651, -0.5026623010635376, -0.7123664021492004, -0.4335275888442993, 0.3871629536151886, -0.45750632882118225, 0.7091670036315918, -0.007516496814787388, -0.7933814525604248, 0.10795638710260391, 0.45860162377357483, 0.29639461636543274, 0.012218669056892395, 0.23086701333522797, 0.555646538734436, -0.11147882044315338, 0.1956082284450531, 1.1689345836639404, -0.8182014226913452, -0.013086063787341118, -1.0477622747421265, 1.0020630359649658, 1.0746111869812012, 1.1752350330352783, 0.7001017928123474, -0.5731216073036194, -0.4775869846343994, -0.19801947474479675, 0.1035694107413292, 0.2870408296585083, 0.48095789551734924, -0.3833882808685303, -0.22886085510253906, 0.19193945825099945, 0.46553125977516174, -0.2278067171573639, 0.8526797890663147, 0.6649678349494934, 0.8111863136291504, 0.5421949625015259, 0.08612661063671112, 0.8142666816711426, -1.3207675218582153, -0.6429293155670166, -1.0156265497207642, -0.11810628324747086, 0.6263720989227295, 0.43482479453086853, 0.2029183804988861, -0.6063592433929443, 0.2919439673423767, 1.0110844373703003, 1.3139771223068237, 0.03169260174036026, -0.7787502408027649, 0.06964001059532166, 0.4146929979324341, -0.35623329877853394, 0.252958208322525, -0.4461419880390167, 0.689071774482727, 0.11417096853256226, 0.16833819448947906, 1.3272961378097534, -0.6632233262062073, 0.11117345839738846, 0.5344905257225037, -0.4341787099838257, -0.48462429642677307, 0.08920440077781677, 0.9980000853538513, 0.02001814916729927, -0.4146752953529358, -0.41663119196891785, -0.38861799240112305, 0.9277051091194153, 0.37683239579200745, 0.3079706132411957, 0.42591866850852966, 0.32506895065307617, -0.15633350610733032, 0.9068098664283752, 0.49012765288352966, -0.6476047039031982, -0.686241090297699, 0.09964083135128021, 0.7776143550872803, 0.6330472230911255, 0.011869221925735474, 0.7237537503242493, -0.1327522099018097, -0.3436305820941925, -0.33910349011421204, 