{"text": "{\"train\": [{\"input\": [[8, 8, 8, 8, 8, 8, 8, 8, 8, 8, 8, 8, 8], [8, 8, 8, 8, 8, 4, 8, 8, 8, 8, 8, 8, 8], [8, 8, 8, 8, 8, 8, 8, 8, 8, 8, 8, 8, 8], [8, 8, 3, 3, 8, 3, 3, 8, 8, 4, 8, 8, 8], [8, 8, 3, 8, 8", "embedding": [-1.275890827178955, 0.4880611300468445, -3.2764322757720947, -2.1222283840179443, 1.4505842924118042, -1.2486858367919922, 1.095824956893921, 0.9675927758216858, -1.585158109664917, -1.4905418157577515, -1.857730746269226, 1.4806134700775146, 0.8409525156021118, 0.7836927175521851, 0.6248156428337097, 0.2853712737560272, 1.318542718887329, -1.0806764364242554, 1.0786653757095337, 0.7121524214744568, 0.574100136756897, 0.3145335912704468, 0.3981872498989105, -0.30290642380714417, 1.2351231575012207, 0.5749350786209106, -0.5563535094261169, 0.10579119622707367, -1.6101714372634888, 0.6058639883995056, 0.3823782205581665, -0.8582729697227478, 0.3830757141113281, -1.0651836395263672, -1.6783428192138672, -0.5380595326423645, 0.7736740112304688, -0.3044540286064148, 0.14542347192764282, 0.5940542817115784, 1.3759572505950928, -0.441872775554657, -0.5529265999794006, -0.27855154871940613, 0.290041983127594, -0.9842364192008972, 1.7078883647918701, -0.2926941514015198, 0.10980295389890671, -1.0046751499176025, -0.7244873046875, 0.11965618282556534, -0.7223297953605652, -1.5882552862167358, 1.2729196548461914, 1.1665586233139038, -0.6457580327987671, 0.3184877038002014, 0.45540183782577515, -0.4929299056529999, 0.45609724521636963, 0.46954837441444397, -1.0174732208251953, 1.4265040159225464, 0.9821253418922424, 0.38487306237220764, -0.35702988505363464, 1.1664338111877441, -0.6137737035751343, 0.05696965381503105, 1.1254509687423706, 0.023939387872815132, -0.3668473958969116, 0.04657643288373947, -0.35119304060935974, -0.06355160474777222, -0.24455639719963074, -0.027496380731463432, -0.6749380826950073, -0.09593317657709122, 0.3403872847557068, -0.7329251766204834, 0.3872126638889313, -0.15440677106380463, 0.6658627390861511, -0.7074776291847229, -0.33432522416114807, -1.2220708131790161, -1.6160939931869507, 0.8549344539642334, 0.1508255898952484, 0.29748037457466125, 0.8976998329162598, 0.2761859595775604, -0.052000802010297775, -0.3246386647224426, -0.21779349446296692, -0.6039766073226929, 1.0980830192565918, -0.7822685837745667, -0.24575787782669067, -0.5023886561393738, -1.077074408531189, -1.3677222728729248, 0.5076392292976379, 0.4770703613758087, 0.3153195381164551, -0.12396852672100067, -0.19797605276107788, -1.452093243598938, -1.005051851272583, 0.101715087890625, -0.22344434261322021, -0.6151105165481567, 0.3065843880176544, -0.9774464964866638, -0.05430508032441139, -1.0570173263549805, -0.6319677233695984, 0.12523162364959717, -0.08673316985368729, -0.32088759541511536, -1.3223767280578613, 0.08971825987100601, 0.7315540909767151, 0.19411048293113708, -0.2185216248035431, 1.0592695474624634, 0.22398990392684937, -0.32390767335891724, 0.39052170515060425, -0.21754740178585052, -0.8647506833076477, 0.2342769056558609, 0.7446735501289368, 1.027084469795227, -1.1172350645065308, -1.3133174180984497, 0.4573156237602234, -0.2058393359184265, 0.6975741982460022, 0.19689518213272095, -1.2833614349365234, -1.328511357307434, 0.3463747203350067, -0.3561948537826538, 0.41358643770217896, 0.1346588283777237, -0.8331574201583862, -0.45628800988197327, 0.35645389556884766, 0.3540255129337311, 0.22738540172576904, 0.9145185947418213, 0.983542263507843, -0.43533855676651, 1.8339645862579346, -0.03147779032588005, 0.28058063983917236, 0.8460483551025391, 1.5720062255859375, -1.4660636186599731, -1.0737377405166626, 1.0761702060699463, -0.09291002154350281, -0.6399006843566895, 0.34180212020874023, 0.5074169635772705, 0.9012581706047058, 1.5387362241744995, -1.1049152612686157, -0.808122456073761, -0.7219582796096802, -0.1774442195892334, -0.9983149170875549, 1.255080223083496, 1.6265244483947754, -0.5809839963912964, 0.5615943074226379, -0.39499276876449585, 0.8118637204170227, -1.159873604774475, 1.5136823654174805, -0.610338568687439, -0.022200295701622963, -0.6329219937324524, -0.9642170071601868, -0.03818567469716072, -0.606656551361084, -1.3054370880126953, -0.7334851026535034, -0.17161768674850464, -1.0043128728866577, -0.04049142077565193, -0.7859538793563843, -0.7093445658683777, 0.917860746383667, -1.084925889968872, 0.2648603022098541, -0.8376143574714661, -0.3851083517074585, -0.603480339050293, -0.3234100341796875, -0.010793812572956085, -1.0121437311172485, -0.925533652305603, 0.4056313633918762, 1.2533420324325562, -0.9655841588973999, 0.9237271547317505, 1.1951183080673218, 0.9694290161132812, 0.8981912732124329, 0.6823673248291016, -0.3837916851043701, -1.2831906080245972, 0.8519604802131653, -1.1912765502929688, 0.7318448424339294, 0.29136210680007935, 1.1694728136062622, -0.592879056930542, 0.8501617312431335, 0.08714547008275986, 0.3099818825721741, -0.3143991231918335, -0.13739626109600067, -0.4599989950656891, -1.459204912185669, 0.2848508059978485, -0.3476698398590088, -0.3854840099811554, 0.9358273148536682, 0.03845670819282532, 0.45015233755111694, 0.04488677158951759, 0.17297135293483734, 1.4297503232955933, -1.267899751663208, 0.002070574788376689, 0.24713853001594543, 0.9736737012863159, -0.399335652589798, -0.26295775175094604, -1.0775538682937622, 0.15623405575752258, -0.40729808807373047, -0.16371601819992065, 0.5753523707389832, 0.6800088286399841, -0.613800048828125, 0.6189780235290527, 0.8016490936279297, 1.4773329496383667, 0.6438102722167969, -2.069852113723755, -0.4036993980407715, -0.32737869024276733, -0.18912576138973236, -0.9194538593292236, 0.2854905128479004, 0.4990089535713196, -0.15451060235500336, -0.16246911883354187, -0.8072391748428345, -1.7323299646377563, 0.5526373386383057, -0.31559062004089355, 0.616887092590332, -0.5888461470603943, -1.4439096450805664, -0.15343879163265228, 0.5943618416786194, 0.5487985014915466, 0.2627437710762024, 0.3282725512981415, -0.0457739494740963, 0.20780153572559357, 0.3827202022075653, 0.7545289397239685, 0.2958657741546631, -0.4034578800201416, -0.7993234992027283, -0.3366469144821167, 0.3494391143321991, -0.5222264528274536, 0.6939120888710022, 0.2544472813606262, 0.5207266211509705, -0.11422862112522125, 0.6452913880348206, 1.0861104726791382, 0.9807929396629333, 0.9388431906700134, 0.15702006220817566, 0.3297852575778961, 0.4221394956111908, 0.13634948432445526, 0.1068701446056366, 0.2221781313419342, -0.5791224837303162, 0.5580065846443176, 0.8148612380027771, -0.09681279957294464, -0.7103066444396973, -0.38235029578208923, 0.5488777160644531, -0.4137939512729645, 0.2945592999458313, 0.37177249789237976, -0.24106177687644958, 0.021325746551156044, -0.807436466217041, 0.14344918727874756, -0.2955089211463928, 0.32871124148368835, 0.4339345693588257, 0.5671840310096741, 0.4923010468482971, -0.22740496695041656, 0.4804784059524536, -1.1334470510482788, -0.09068918228149414, -0.23104646801948547, -0.2777438163757324, 1.0607614517211914, 0.35182884335517883, 0.14130622148513794, 0.2538686692714691, 0.12189365178346634, 1.3838309049606323, 0.9126759767532349, 0.5241965055465698, -0.8231409788131714, -0.48015692830085754, -0.20534048974514008, -0.195326566696167, -0.09560322016477585, -0.3281956613063812, 0.41705888509750366, -0.9263292551040649, 0.028838347643613815, 0.7634939551353455, -0.3093678057193756, 0.2135990858078003, 0.031399499624967575, -0.14577630162239075, -0.7946569919586182, 0.8356412053108215, 0.43172019720077515, -0.33163678646087646, 0.7606743574142456, 0.88359534740448, -0.2971201539039612, 0.659837543964386, -0.11754696071147919, 0.03748225048184395, -0.002749611856415868, 0.1908240020275116, 1.0871206521987915, 0.29186567664146423, 0.5016288161277771, -0.20251363515853882, 0.5971238613128662, 0.1104053482413292, 0.3680577278137207, 0.7852859497070312, 0.6747051477432251, 0.7068016529083252, 0.05994950979948044, 0.6709659099578857, 0.0029250963125377893, -0.07521116733551025, -0.4850360155105591, 0.6307263374328613, 