{"text": "{\n  \"task\": \"Fix the authentication bug in login.ts\",\n  \"task_id\": \"8a1e2bd1e11fb2b2\",\n  \"created\": \"2026-03-01T10:51:16.261421\",\n  \"failures\": [\n    {\n      \"attempt\": 1,\n      \"timestamp\": \"2026-03-", "embedding": [0.20980821549892426, 1.0606825351715088, -2.6947948932647705, -0.991340160369873, 2.6809098720550537, -0.3937531113624573, 0.12865601480007172, 0.3260965943336487, 1.2862180471420288, -1.8491389751434326, -1.3150689601898193, 1.0652015209197998, 1.5368233919143677, -0.586944580078125, -0.6865844130516052, -1.0207386016845703, 0.4586176574230194, -1.175688624382019, 0.0946500152349472, 0.0006412374204955995, 1.0855859518051147, 0.10097082704305649, -0.3996814489364624, -0.42433780431747437, 0.9579798579216003, -0.1790642887353897, -0.023462334647774696, 1.8689099550247192, -0.8555875420570374, 0.20394247770309448, 1.165886402130127, 0.3591866195201874, 0.2030678242444992, 0.32657161355018616, -0.3101317286491394, -1.133646845817566, 0.05044340714812279, -0.004836789797991514, 0.36812663078308105, 0.02171340398490429, 0.5095623731613159, 0.055093422532081604, 0.4256344437599182, 0.07982409745454788, -0.603561282157898, -0.5477632880210876, 1.0102999210357666, 1.1248260736465454, 1.4170851707458496, -0.41639673709869385, 0.23479372262954712, -1.2912322282791138, -0.011428038589656353, -0.4988427758216858, 1.7077338695526123, 0.009431391954421997, -0.306989848613739, 0.14310222864151, -0.7737942337989807, -0.6935059428215027, 1.6445056200027466, 0.7297624945640564, 0.09478387236595154, 0.8042757511138916, 0.573246419429779, -0.7269765138626099, -0.31716403365135193, 0.9165328145027161, -0.06829820573329926, -0.14487260580062866, 0.7852911353111267, 0.17353710532188416, -0.08353859186172485, 0.9540606141090393, -0.8315072059631348, 1.0535848140716553, -0.07853676378726959, -0.537311851978302, 0.3164195418357849, 0.4041363596916199, -0.5439456701278687, -0.28457382321357727, 0.2024194449186325, 0.8397646546363831, 1.0758470296859741, -0.8289269804954529, -0.7536489367485046, -0.049541935324668884, -0.2896915078163147, 2.334296464920044, 0.3701830506324768, 0.10009946674108505, -0.4818064272403717, -0.9690158367156982, -1.1589573621749878, 0.1384657919406891, 0.24488094449043274, 0.4372945725917816, -0.2861160933971405, 0.15589375793933868, -0.4869391918182373, 0.32152390480041504, -1.1644666194915771, 0.0009381174459122121, -0.2821956276893616, 0.8866103887557983, -0.038913119584321976, 0.26337730884552, -1.2384830713272095, 0.04923277720808983, -0.2830303907394409, 1.512697458267212, 0.19412216544151306, -0.08265656977891922, 0.14353646337985992, -0.8482943177223206, 0.07094920426607132, -1.1570016145706177, -0.2777724266052246, 0.24283161759376526, -0.056425727903842926, -0.5759350061416626, -0.48697561025619507, 0.6501145362854004, 0.15113988518714905, -0.050703246146440506, -0.14869192242622375, -0.041859887540340424, 0.25672221183776855, -0.7735785245895386, -0.47241127490997314, -0.2121696025133133, -1.1982076168060303, 0.4314599633216858, 0.505126953125, 0.817891001701355, -0.46487265825271606, -0.3370321989059448, -0.634720504283905, -0.42850807309150696, -0.14764153957366943, 0.4805852770805359, -0.062297020107507706, -0.40187132358551025, 0.8824745416641235, -1.2414300441741943, 0.961621880531311, -0.42264625430107117, -0.7642083168029785, 0.3288673460483551, -0.3376263678073883, 0.026396123692393303, 0.28100064396858215, 0.016434360295534134, 0.09425215423107147, -0.49440914392471313, 0.6808440089225769, 0.32206907868385315, 0.1312992125749588, 1.0624717473983765, 0.9519367218017578, 0.10011976212263107, -0.4169919192790985, 1.5466840267181396, 0.02767612785100937, 0.20891772210597992, -0.12881755828857422, 0.7131277322769165, -0.05943663418292999, 0.42439600825309753, -0.7473343014717102, -0.572293221950531, -0.30381646752357483, -0.20235201716423035, -0.15906856954097748, 0.028041774407029152, 0.28845497965812683, -0.03562260419130325, 0.21006132662296295, -0.3117440640926361, 0.2371823787689209, -1.4285093545913696, -0.21538333594799042, -0.016763553023338318, -0.891119658946991, -0.5491812825202942, 0.9474404454231262, -0.8496124148368835, -0.3261508643627167, -0.2572952210903168, -0.22152425348758698, -0.48425906896591187, -0.31260988116264343, -0.6196164488792419, -0.8133424520492554, -1.2769790887832642, 0.9286547303199768, -0.24652913212776184, 0.7838135957717896, -0.6618562936782837, 0.14406603574752808, -0.06447060406208038, -0.22706478834152222, 0.08028673380613327, -0.3453270196914673, 0.18272829055786133, -0.1203995794057846, -0.32725000381469727, -0.5074566006660461, -0.351535826921463, 1.2225686311721802, 0.6291874051094055, -0.45096805691719055, -0.22870242595672607, -0.14517001807689667, -0.45557910203933716, 0.28032156825065613, -0.24077847599983215, -0.15292923152446747, -0.1047348901629448, 0.7530925869941711, -0.8434779047966003, 0.44878482818603516, -0.10438968986272812, -0.03728017583489418, -0.05405450239777565, -1.2547659873962402, -0.1691124588251114, -0.3881611227989197, -1.1213840246200562, -0.534736692905426, -0.868689239025116, 0.7867558598518372, 0.8085841536521912, -0.4312315285205841, 0.6969186067581177, -0.028516003862023354, 0.7380883097648621, 0.37688785791397095, 0.44917526841163635, -0.2519037425518036, 1.3415945768356323, -0.45737919211387634, 0.26992008090019226, -0.25741487741470337, 0.002528986893594265, -1.2024438381195068, -0.7664579749107361, -0.0058080777525901794, 0.6478847861289978, -0.6162079572677612, 0.3560817837715149, 0.9029737114906311, 0.16002711653709412, -0.05277882143855095, -0.9331086874008179, 0.1140565574169159, 0.12959960103034973, 0.03952457010746002, -0.7967482209205627, 0.5849065780639648, -0.46894386410713196, 0.32731911540031433, -0.6062140464782715, 0.36919325590133667, -1.0623987913131714, -0.908050537109375, 0.4649870991706848, -0.01581939123570919, -0.22716248035430908, -0.24224160611629486, 0.5479074716567993, 0.2553771436214447, 1.224881887435913, 0.5418281555175781, 0.4773819148540497, -0.33899110555648804, 0.650899350643158, -0.558436393737793, 0.7564331889152527, -0.5491765737533569, 0.14392423629760742, 0.030294910073280334, 0.597589373588562, 0.32410556077957153, 0.17024387419223785, -0.14217595756053925, 0.28087833523750305, 0.34966617822647095, -0.029327059164643288, 0.5805133581161499, 0.3214305639266968, -1.3767420053482056, 0.9814717769622803, -0.611414909362793, 0.38114306330680847, 1.0164291858673096, 0.1520441323518753, -0.86845862865448, -1.0097708702087402, 0.7277463674545288, 0.8067657351493835, 0.4199702739715576, 0.8312399387359619, 0.6101210117340088, -0.8842642307281494, 0.6473954319953918, -0.2741619348526001, 0.03307678923010826, 1.2888424396514893, -0.9166148900985718, 0.1192944273352623, -0.5901908278465271, -0.03353428095579147, 0.1811901330947876, 1.1305040121078491, -0.1720738261938095, -0.1805487424135208, 0.10342574119567871, 0.7271984219551086, -0.5560399293899536, -0.8664877414703369, -0.47064945101737976, 0.2877753674983978, 0.558342456817627, 0.08555946499109268, -0.31984278559684753, 0.19871389865875244, -0.4747333526611328, 0.5493956208229065, 0.6933209896087646, -0.08157932758331299, 0.6210618019104004, -0.9827514886856079, 0.008655175566673279, 0.04581461474299431, 0.39091113209724426, 0.532880961894989, -0.2682366371154785, 1.1656417846679688, 0.7698725461959839, -0.8663069605827332, 0.5243562459945679, -1.0663326978683472, -0.4515533745288849, 0.14674820005893707, -1.2585389614105225, -0.5179513096809387, 1.228769302368164, 1.2092511653900146, -0.4002090394496918, 1.238358974456787, -0.3732622563838959, 0.0357903353869915, 0.6656002402305603, 0.5278670191764832, -0.07867775112390518, 1.302952527999878, -0.47801026701927185, -0.2033127397298813, 1.0182819366455078, 0.21902425587177277, 0.17638276517391205, -0.29206112027168274, 0.2992805242538452, 1.104564905166626, 0.45545071363449097, 0.528874933719635, 0.1870896816253662, -0.058124441653490067, 0.4863174855709076, 