{"text": "{\"train\": [{\"input\": [[5, 5, 9, 9], [9, 5, 5, 5], [5, 7, 5, 7]], \"output\": [[7, 5, 7, 5, 5, 7, 5, 7], [5, 5, 5, 9, 9, 5, 5, 5], [9, 9, 5, 5, 5, 5, 9, 9], [9, 9, 5, 5, 5, 5, 9, 9], [5, 5, 5, 9, 9, 5, 5", "embedding": [-1.39560866355896, 0.627439022064209, -3.789644718170166, -1.9149492979049683, 1.4374568462371826, -1.555891990661621, 1.3185981512069702, 0.3687781095504761, -1.7497729063034058, -1.2237945795059204, -1.5640584230422974, 1.143495798110962, 1.4053367376327515, 0.17005829513072968, 0.43066924810409546, -0.7395522594451904, 0.8415833711624146, -1.4218370914459229, 1.282370686531067, 0.8437976241111755, 1.030855417251587, 0.5224151611328125, 0.3015541136264801, -0.33866560459136963, 1.464303970336914, 0.7080065608024597, -0.6384791135787964, 0.147760808467865, -1.4696202278137207, 0.756251335144043, 0.9575358033180237, -0.8394314646720886, 0.64543616771698, -1.3991721868515015, -2.6037614345550537, -0.5882677435874939, 1.0228044986724854, -0.5529277920722961, 0.7756290435791016, -0.14083486795425415, 0.8245958089828491, -0.4458702504634857, -0.1793312132358551, -0.4714229702949524, 0.8756914734840393, -1.3325968980789185, 1.0532081127166748, -0.025039436295628548, -0.47441738843917847, -0.34983351826667786, -0.7889145612716675, -0.4268221855163574, -0.6556727886199951, -1.307436466217041, 1.9975345134735107, 1.0810595750808716, -0.7802954316139221, -0.09450533241033554, 0.7383967638015747, -0.21137140691280365, 0.2263551503419876, 0.6817979216575623, -1.280226707458496, 1.2888624668121338, 1.30840265750885, 0.04979058727622032, 0.15175317227840424, 0.8210240602493286, -0.5177837610244751, 1.0713396072387695, 1.0134851932525635, -0.6659306883811951, 0.25171008706092834, -0.3149438798427582, -0.2577485144138336, 0.04187339171767235, -0.3195911645889282, 0.04708966985344887, -0.8739084005355835, 0.391654372215271, 0.6304831504821777, -1.24951171875, 0.6180091500282288, -0.1788482964038849, 0.8806143403053284, -0.9795587062835693, -0.17384879291057587, -0.8221322894096375, -1.7310234308242798, 0.5904454588890076, 0.1320515125989914, 0.5223219990730286, 0.7771542072296143, 0.8371030688285828, -0.32293349504470825, -0.7851763367652893, -0.6565625667572021, 0.15856508910655975, 0.6297221183776855, -0.7595117092132568, 0.13333716988563538, 0.26302045583724976, -0.3600062131881714, -2.199979066848755, 0.9165684580802917, 0.4172264337539673, 0.16675591468811035, -0.47153639793395996, -0.10906537622213364, -1.3710159063339233, -0.8848702311515808, 0.18225602805614471, -0.5628594160079956, -1.1606411933898926, 0.18059058487415314, -0.7080714702606201, -0.3471677601337433, -1.0120357275009155, -0.44298791885375977, 0.3418557941913605, 0.20615728199481964, -0.15886658430099487, -1.3639650344848633, 0.020657837390899658, 1.0051379203796387, 0.1525709480047226, -0.4249023199081421, 0.9453167915344238, 0.30290064215660095, 0.02049676887691021, 0.3888470232486725, -0.5618059039115906, -0.7564156651496887, -0.022491632029414177, 1.5218919515609741, 0.6361490488052368, -0.8105837106704712, -1.2097582817077637, 0.33080780506134033, -0.038893479853868484, 0.614240288734436, 0.060267433524131775, -1.1837884187698364, -1.5154646635055542, 0.834343433380127, 0.22075879573822021, 0.27732986211776733, -0.3399413824081421, -0.9009450078010559, -0.3472868800163269, 0.1683466136455536, 0.5826522707939148, 0.09541412442922592, 0.9815771579742432, 1.1868672370910645, -0.6474289894104004, 1.9319298267364502, 0.015121500007808208, 0.3339308202266693, 0.5609148740768433, 1.687958836555481, -1.3803596496582031, -0.7889256477355957, 0.9022464752197266, -0.5720664858818054, -0.319499671459198, 0.4777863919734955, 0.6026923060417175, 0.85090172290802, 1.3538907766342163, -1.4547041654586792, -1.2173432111740112, -0.6860495209693909, -0.1450941413640976, -0.9317178130149841, 0.8648058772087097, 1.4580910205841064, -0.7147518992424011, 0.2643590569496155, -0.4454646110534668, 0.7176204323768616, -1.1988857984542847, 1.5390113592147827, -0.27985453605651855, -0.2953212857246399, -0.5754197835922241, -0.5987371802330017, -0.3564121425151825, -0.8508510589599609, -0.8656846284866333, -0.283512681722641, 0.16365349292755127, -0.8260326385498047, -0.17679038643836975, -0.6565726399421692, -0.7651535272598267, 0.7512345314025879, -0.9409157037734985, 0.9038059711456299, -0.9084606766700745, -0.46515411138534546, -0.9013150930404663, -0.28165915608406067, 0.4290463328361511, -0.8124310970306396, -0.3881831467151642, -0.019425678998231888, 1.0930633544921875, -0.5831354856491089, 0.4110754132270813, 1.1513241529464722, 0.3513460159301758, 0.8075478672981262, 0.6462684273719788, -0.3215983510017395, -1.535940408706665, 0.7748003005981445, -1.2905123233795166, 0.30038249492645264, 0.19907169044017792, 0.9393555521965027, -0.7624701857566833, 0.6025251746177673, 0.3380665183067322, -0.6070107221603394, -0.18450430035591125, -0.17966623604297638, -0.2783093750476837, -1.5711551904678345, 0.2043638825416565, -0.5256527662277222, -0.2961187958717346, 0.9506518244743347, -0.004345037043094635, 0.5122597217559814, -0.03145620971918106, 0.20939123630523682, 1.1274129152297974, -1.0969862937927246, 0.27194637060165405, 0.3034796118736267, 0.7134738564491272, -0.2786758840084076, -0.15117913484573364, -1.0949764251708984, -0.11124026030302048, 0.4790593981742859, 0.02279125154018402, 0.25379589200019836, 0.31909188628196716, -0.7011252641677856, 0.6281455159187317, 0.16395673155784607, 1.4633758068084717, 1.163956642150879, -1.4030605554580688, -0.14913523197174072, -0.20746393501758575, -0.3588491678237915, -0.6337223052978516, -0.22256092727184296, 0.1673187017440796, -0.21433165669441223, 0.2608523666858673, -1.2988674640655518, -1.7647510766983032, 0.6371960639953613, -0.006633807439357042, 0.05955476686358452, -0.8984929323196411, -1.4227120876312256, -0.3207443356513977, 0.8596404790878296, 0.5665670037269592, 0.3403419852256775, -0.041762493550777435, 0.03601610288023949, 0.06475304812192917, 0.3157196640968323, 0.4443276524543762, 0.3459908366203308, -0.35773152112960815, -0.6285436749458313, -0.24275550246238708, 0.39653295278549194, -0.9058242440223694, 0.9561395049095154, 0.21315208077430725, 0.6159712076187134, 0.3400226831436157, 0.650547444820404, 1.223952054977417, 0.6817743182182312, 0.44718554615974426, 0.3965236246585846, 0.480942964553833, 0.6728625893592834, -0.30859094858169556, -0.06099800765514374, 0.25243452191352844, -0.8588749766349792, 0.3856308162212372, 1.117862582206726, -0.03858049213886261, -0.437256783246994, -0.34827959537506104, 0.16777440905570984, -0.44270792603492737, 0.31501489877700806, 0.19732974469661713, 0.12554271519184113, -0.08494830131530762, -0.9968488812446594, -0.19738171994686127, -0.3531312942504883, 0.44171714782714844, 0.92461097240448, 0.4210793972015381, 0.5456745028495789, -0.16687160730361938, -0.24884428083896637, -1.3964626789093018, -0.17459647357463837, -0.22110088169574738, -0.05604390427470207, 0.9264675974845886, 0.500798761844635, -0.027850378304719925, -0.26047006249427795, -0.07604504376649857, 1.1293048858642578, 1.2862755060195923, 0.07644224166870117, -0.5354096293449402, -0.4012790024280548, -0.12463513761758804, 0.3639891445636749, -0.060498837381601334, -0.635578453540802, 0.958827018737793, -0.7698291540145874, 0.23878543078899384, 0.355948805809021, -0.46604177355766296, 0.06532979756593704, 0.5779094099998474, -0.08479097485542297, -0.5186116695404053, 0.18767575919628143, 0.3896820843219757, -0.6758922934532166, 0.5375493168830872, 1.0831879377365112, 0.11128789931535721, 0.544381320476532, -0.03803003951907158, -0.039967913180589676, 0.1438426673412323, 0.42427143454551697, 1.3342735767364502, 0.15242160856723785, 0.35748928785324097, -0.3336462676525116, 0.058262214064598083, 0.07735999673604965, 0.021855028346180916, 0.10194604098796844, 0.40338486433029175, 0.749744713306427, -0.046700965613126755, -0.22270053625106812, 0.1192246675491333, -0.14987368881702423, -0.568509042263031, 0.3741203248500824, 