{"text": "{\"train\": [{\"input\": [[0, 0, 0, 0, 1, 0, 0, 0, 0, 0, 0, 0, 0], [0, 0, 0, 0, 1, 0, 0, 0, 0, 0, 0, 0, 0], [0, 0, 0, 0, 1, 0, 0, 3, 0, 0, 0, 0, 0], [0, 0, 0, 0, 1, 0, 0, 0, 3, 3, 0, 0, 0], [0, 0, 0, 0, 1", "embedding": [-0.6527938842773438, -0.0030374687630683184, -3.2493481636047363, -1.7804104089736938, 1.0666123628616333, -0.7543387413024902, 0.9629368782043457, 0.7280575633049011, -1.6478205919265747, -1.61203134059906, -1.829465389251709, 1.26742422580719, 0.6694005131721497, 0.8045591711997986, 0.05617200955748558, 0.15947362780570984, 0.7599398493766785, -0.9837741255760193, 0.8197968602180481, 0.6112709045410156, 0.6648480892181396, 0.24042825400829315, 0.7013948559761047, -0.14710576832294464, 1.2452472448349, 0.2484624981880188, -0.7372118830680847, 0.07492976635694504, -1.3111369609832764, 0.46013376116752625, 0.09231452643871307, -0.8077459335327148, 0.150962233543396, -0.8681296706199646, -1.4347056150436401, -0.28364846110343933, 0.9791601896286011, -0.22742941975593567, 0.41414567828178406, 0.6500377058982849, 1.1424176692962646, -0.44200268387794495, -0.6300541758537292, -0.3783891499042511, 0.34455862641334534, -1.385801911354065, 1.3822969198226929, 0.33058401942253113, -0.23524296283721924, -0.9863226413726807, -0.8418206572532654, -0.1924089640378952, -0.8420372605323792, -1.5774178504943848, 1.3055343627929688, 1.067718505859375, -1.076768398284912, 0.18077723681926727, 0.5319560170173645, -0.7012426853179932, -0.13277095556259155, 0.7596390247344971, -0.9083045125007629, 1.0453635454177856, 0.8930305242538452, 0.41123074293136597, -0.5229920148849487, 1.414444923400879, -0.8880804181098938, 0.6116656064987183, 0.8279143571853638, -0.0050248694606125355, -0.09135061502456665, -0.36584797501564026, -0.15785174071788788, 0.19943754374980927, -0.3890238106250763, 0.5320598483085632, -0.7963627576828003, -0.24090038239955902, 0.0001491167495260015, -0.8631086945533752, -0.09208124876022339, 0.1247781440615654, 0.8500952124595642, -0.9140821695327759, -0.4179941415786743, -1.079078197479248, -1.5889548063278198, 0.8097686171531677, 0.3618778884410858, 0.04869202896952629, 1.226589560508728, 0.21684858202934265, -0.08469203859567642, -0.30804815888404846, -0.8761084675788879, -0.5751418471336365, 1.128179907798767, -0.8891208171844482, -0.3269607424736023, -0.27900880575180054, -0.40234825015068054, -1.7905880212783813, 0.7347931861877441, 0.8284591436386108, 0.7701703906059265, -0.07665607333183289, -0.1503814309835434, -1.1975700855255127, -0.6109974384307861, 0.1202133446931839, -0.28551238775253296, -0.46948182582855225, 0.2630796432495117, -0.5050585269927979, 0.24109449982643127, -0.9134727716445923, -0.5961992740631104, -0.037688057869672775, 0.0755123421549797, -0.4938623011112213, -1.0354180335998535, 0.06461028754711151, 0.9383530616760254, 0.4391089081764221, -0.46348458528518677, 1.0096964836120605, 0.36475905776023865, -0.5991380214691162, 0.523383378982544, -0.04952005669474602, -0.944197416305542, 0.24872002005577087, 0.841604471206665, 1.0462108850479126, -1.0504399538040161, -1.7928441762924194, 0.7521222829818726, 0.15749110281467438, 0.6935809254646301, 0.35581427812576294, -0.9977778196334839, -1.496732234954834, 0.7617136836051941, -0.24951018393039703, 0.4833850860595703, -0.15498705208301544, -0.9664244651794434, -0.5917821526527405, 0.49964314699172974, 0.9241133332252502, 0.08563847094774246, 1.021995186805725, 1.0714623928070068, -0.3468186855316162, 1.303444266319275, -0.35629233717918396, 0.3671634793281555, 0.39909300208091736, 1.471778154373169, -1.0987602472305298, -0.8005872964859009, 1.017557978630066, -0.06400983780622482, -0.34610432386398315, 0.5596693158149719, 0.6405981779098511, 0.44064468145370483, 1.4108864068984985, -1.3641949892044067, -0.6671028733253479, -0.7415222525596619, 0.03567976877093315, -1.1247974634170532, 0.7434200048446655, 1.5203180313110352, -0.4436802566051483, 0.4489116668701172, -0.5348206162452698, 1.0626492500305176, -1.020574688911438, 1.2487506866455078, -0.38994014263153076, -0.27035248279571533, -0.3446052074432373, -0.7771413326263428, -0.11107611656188965, -0.6428298950195312, -1.3287931680679321, -0.7391329407691956, -0.03371849283576012, -0.8759081363677979, -0.3022683262825012, -0.6918526291847229, -0.8115950226783752, 1.3290765285491943, -0.9036996960639954, 0.4080207347869873, -1.2787741422653198, -0.2987977862358093, -0.3253086507320404, -0.15815971791744232, 0.23116466403007507, -1.1283659934997559, -0.9628076553344727, 0.48729291558265686, 0.7899128794670105, -0.9808200597763062, 0.7777872085571289, 0.8297447562217712, 0.945936381816864, 1.2818231582641602, 0.756797730922699, -0.3535964787006378, -1.0399967432022095, 0.8433970808982849, -1.2618577480316162, 0.1677384078502655, 0.5523996949195862, 1.1470246315002441, -0.4787217974662781, 1.0195841789245605, 0.157548725605011, -0.040760841220617294, -0.4312494099140167, -0.063949353992939, -0.35312357544898987, -0.9345701336860657, 0.25515198707580566, -0.3002541661262512, -0.7939953804016113, 1.0810655355453491, 0.10341440141201019, 0.733206033706665, -0.18702107667922974, 0.3339366912841797, 1.3214699029922485, -1.0013463497161865, 0.26086103916168213, 0.11768537014722824, 0.9215565323829651, -0.5039069056510925, -0.9046460390090942, -0.5915729403495789, 0.28225013613700867, -0.3364205062389374, -0.2167285829782486, 0.6569576859474182, 0.15281251072883606, -0.39656397700309753, 0.42005977034568787, 1.088333249092102, 1.292170763015747, 0.2657037675380707, -1.9955064058303833, -0.4220789670944214, -0.48638492822647095, 0.5554304122924805, -1.1924656629562378, 0.3316015303134918, 0.10511507838964462, -0.7731156945228577, 0.009979091584682465, -0.5872910022735596, -1.249673843383789, 0.6234989166259766, -0.10785757750272751, 0.27910056710243225, -0.44683632254600525, -1.2820359468460083, -0.05871272087097168, 0.6388564705848694, 0.6976029872894287, -0.175102099776268, 0.3843418061733246, 0.1707674115896225, 0.25620806217193604, 0.332455575466156, 0.5474053621292114, 0.47896477580070496, -0.5528178811073303, -0.6933942437171936, -0.5895166397094727, 0.5452422499656677, -0.9267570972442627, 0.5750879049301147, 0.24578839540481567, 0.4863743782043457, 0.045099418610334396, 0.5280802845954895, 1.0620005130767822, 0.973016619682312, 0.7833443880081177, 0.1250082403421402, 0.39395225048065186, 0.47045665979385376, 0.22759497165679932, -0.07821717858314514, 0.5148456692695618, -0.7203325033187866, 0.3530317544937134, 0.6826030611991882, -0.08126947283744812, -0.6138068437576294, -0.5319238305091858, 1.0242680311203003, -0.161356121301651, -0.004350016359239817, 0.25683242082595825, -0.04196085408329964, -0.0790446549654007, -0.8257259130477905, 0.21563372015953064, -0.2847634255886078, 0.6645243763923645, 0.1655827760696411, 0.20191194117069244, 0.7443192005157471, 0.1272665560245514, 0.5935059189796448, -1.0960379838943481, -0.17735321819782257, -0.6396524906158447, -0.3884369730949402, 1.420983910560608, 0.46368372440338135, 0.23481400310993195, -0.07946339249610901, 0.24426941573619843, 1.4597752094268799, 1.013583779335022, 0.5376685261726379, -0.6894870400428772, -0.023037226870656013, -0.09770683944225311, -0.10393451899290085, -0.23073260486125946, -0.37060463428497314, 0.5471875071525574, -1.2016661167144775, -0.2605594992637634, 0.3584853410720825, -0.2573249638080597, -0.1459389477968216, 0.2652605473995209, -0.26631414890289307, -0.5361816883087158, 0.7926452159881592, 0.3926050364971161, -0.3999074697494507, 0.7771385908126831, 0.8925364017486572, -0.2462916374206543, 0.4112817347049713, -0.08971754461526871, -0.3790420889854431, 0.10859289020299911, 0.13960474729537964, 1.0327470302581787, 0.33418238162994385, 0.27201831340789795, -0.2604316771030426, 0.328281432390213, 0.08922725170850754, 0.12010670453310013, 1.1784693002700806, 0.40888839960098267, 1.0486112833023071, 0.18800029158592224, 0.35960328578948975, 0.08046026527881622, 0.05916431546211243, -0.5011099576950073, 