{"text": "{\"type\":\"session\",\"version\":3,\"id\":\"0146a1c7-b228-4346-938b-abdfd809df15\",\"timestamp\":\"2026-03-02T18:04:01.453Z\",\"cwd\":\"C:\\\\Users\\\\aaron\\\\.openclaw\\\\workspace\"}\r\n{\"type\":\"model_change\",\"id\":\"f0bc310d\"", "embedding": [-0.04977041110396385, 0.100124791264534, -2.2141175270080566, -1.4414958953857422, 1.309794306755066, -0.5973683595657349, 0.9502739310264587, -1.202531337738037, 0.7842456102371216, -0.5982396602630615, -0.8596903085708618, 0.15515081584453583, 0.40588533878326416, 0.3659047782421112, -0.01996682584285736, -0.7628319263458252, -0.3281155228614807, -1.1868793964385986, -1.1028186082839966, 0.19676531851291656, 0.023732619360089302, -0.8098852038383484, 0.8006478548049927, -0.291031152009964, 0.024902796372771263, 0.4252639710903168, 0.446537047624588, 1.4359560012817383, -0.6262806057929993, 0.16121187806129456, 1.7512822151184082, 0.08563242852687836, 0.1380169838666916, -0.04173491522669792, -0.703289270401001, -0.7220000624656677, 0.35310453176498413, -0.14950674772262573, -0.12342315167188644, 0.7635349631309509, 1.062191367149353, -0.09678682684898376, 0.9335813522338867, -1.0903223752975464, 0.28596559166908264, -0.8994476199150085, 0.895081102848053, 0.2009972333908081, 0.9652231931686401, -0.3865121603012085, 0.4846971929073334, -0.5224705934524536, 0.1569737195968628, 0.02384892664849758, 1.79254949092865, 0.1125548779964447, -0.615695595741272, 0.1961192935705185, -0.039833229035139084, -0.4920755922794342, 0.3152923583984375, 0.8945300579071045, -0.2346765547990799, 1.2438733577728271, -0.10103718191385269, 0.41249850392341614, -0.31355151534080505, 0.17260447144508362, -0.1983482837677002, -0.6091372966766357, 0.5576225519180298, 0.8037316203117371, -0.3739635646343231, -0.16707170009613037, -1.0316506624221802, 0.17940817773342133, -0.24864980578422546, -0.9228445291519165, 0.19614577293395996, -0.3079882264137268, -0.5252801179885864, 0.49485018849372864, 0.6195653080940247, -0.803108811378479, 0.6682139039039612, 0.35762596130371094, -1.1832196712493896, 0.7328162789344788, 0.16533537209033966, 1.4719702005386353, 0.4335191547870636, 0.23119361698627472, -0.3671974539756775, -0.3012176752090454, -0.6018099784851074, 0.24471734464168549, -0.21470731496810913, 0.19543275237083435, -0.7889288663864136, 1.032626986503601, -0.8137614130973816, -0.4654657542705536, -0.34388813376426697, -0.6077917218208313, 0.012787715531885624, 1.0057241916656494, -0.6754176616668701, -0.3023678660392761, -0.18371804058551788, -0.1715679168701172, 0.10145220160484314, 0.888133704662323, -0.8912169933319092, 0.34084272384643555, 0.24471639096736908, -0.7352349758148193, 0.3422550559043884, 0.5387510061264038, 0.12385323643684387, 0.118523009121418, -0.15393169224262238, -1.0966004133224487, -0.6214376091957092, 0.3418397605419159, 0.288472056388855, 0.24929179251194, -0.06460987776517868, 0.02997441031038761, -0.11296511441469193, -0.49636712670326233, -0.8992108702659607, 0.43072596192359924, -1.1011515855789185, 1.3615971803665161, 0.5848143100738525, 0.38681986927986145, -0.10405483841896057, -0.9640215039253235, 0.20782409608364105, -0.3849683403968811, -0.1207195445895195, -0.3341914415359497, -0.5023531317710876, -0.06907057017087936, 0.5243788957595825, -0.41319960355758667, 1.0886399745941162, -0.07853244245052338, -0.3800416886806488, 0.5510923266410828, -0.1934766173362732, 0.43091583251953125, -0.4887290596961975, 0.49807292222976685, -0.2519271671772003, -0.44177114963531494, -0.26647353172302246, -0.1653648465871811, 0.634902834892273, 0.5914726853370667, 0.40634971857070923, 0.24546678364276886, -0.6936436891555786, -0.08236183226108551, 0.11339829862117767, -0.5659170150756836, 0.32771438360214233, 0.7572401762008667, 0.4811845123767853, -0.28509634733200073, -0.7356854677200317, -0.803913414478302, -0.2604672610759735, -0.7270454168319702, -0.37155666947364807, -0.1601272076368332, 0.6133584976196289, -0.6826329827308655, -0.0015198399778455496, -0.7731606364250183, -0.08273539692163467, -0.6306037902832031, -0.06251877546310425, -0.962678849697113, -0.8833323121070862, 0.06725629419088364, 0.24148204922676086, -1.4816011190414429, 0.39352771639823914, -0.7370838522911072, -0.5423533916473389, -0.5657349228858948, -0.03635818883776665, -0.11703670024871826, -0.27321892976760864, -1.317681074142456, 0.8732026815414429, -0.3790149986743927, 0.30009928345680237, -0.03715839982032776, -0.5250093340873718, -0.21347878873348236, -0.6770666241645813, 0.7901049256324768, 0.19428639113903046, 0.7819862961769104, 0.6641469597816467, 0.14841729402542114, -0.305396169424057, 0.5573487877845764, 1.2756670713424683, 1.1653318405151367, -0.13142184913158417, -0.2540473937988281, 0.14953996241092682, 0.3089486360549927, 0.17600560188293457, 0.10529518127441406, -0.34250059723854065, 0.42022019624710083, 0.8495369553565979, -0.16014346480369568, -0.08484268933534622, -0.6277746558189392, 0.7096689939498901, -0.029027778655290604, -0.5989557504653931, 0.45988669991493225, -0.37310707569122314, 0.5572538375854492, -0.14415104687213898, -0.39821410179138184, -0.2874096930027008, 0.5556117296218872, 0.24392010271549225, 0.37778452038764954, 0.6735790967941284, 1.4140756130218506, 0.10808087140321732, 0.5487752556800842, -0.27384546399116516, 0.45154905319213867, -0.39072489738464355, -0.25167912244796753, -0.8119015097618103, -0.8928195834159851, -1.3873274326324463, -0.7185205221176147, 0.36719179153442383, 0.18419207632541656, -0.12532922625541687, 0.08643025904893875, 0.6460933089256287, -0.1661348044872284, 0.4624044895172119, -0.45700323581695557, 0.8873695135116577, 0.5996126532554626, -0.38217106461524963, -0.5963915586471558, 0.1879054307937622, -0.4921390116214752, 0.015214910730719566, 0.09991058707237244, 0.1588866263628006, -1.215208888053894, -0.8599053621292114, 0.24343173205852509, -0.6675734519958496, 0.230629563331604, 0.06456124782562256, 0.10927566885948181, 0.1257830560207367, 1.2851711511611938, 0.3420039415359497, -0.03799954429268837, 0.05895315110683441, 0.17367607355117798, -0.6142691969871521, 0.4983527660369873, -0.9422692656517029, -1.1273521184921265, -0.4920102655887604, 1.1702338457107544, -0.039216168224811554, -0.14759930968284607, 0.28896114230155945, 0.3842710256576538, -0.3226783871650696, -0.7048763632774353, 0.8727356791496277, 1.0629090070724487, -0.8772849440574646, 0.5097978115081787, -0.3049091696739197, 0.03984780237078667, 0.24463488161563873, 0.29085028171539307, 0.287478506565094, -0.08003530651330948, 0.5602349042892456, 0.09583652019500732, 0.6237727403640747, 0.5044533610343933, 0.7806673645973206, -0.46054607629776, 0.4451201558113098, 0.7619109153747559, 0.22588768601417542, 1.471686840057373, -0.38531988859176636, -0.04203738272190094, -0.9059487581253052, 0.4267212152481079, -0.38899052143096924, 0.9015341401100159, -0.07465571910142899, -0.7848690748214722, 0.17890137434005737, 0.15879283845424652, -0.5603047013282776, -0.11536223441362381, -0.3247108459472656, -0.4834781289100647, 0.3192797005176544, 0.6822277903556824, 0.09753003716468811, 0.40991926193237305, -0.44650259613990784, 0.3600347936153412, 0.42180749773979187, -0.3281986117362976, 0.36702606081962585, -0.4773612320423126, 0.40475860238075256, -0.4467373490333557, 0.6516903638839722, -0.1231280118227005, -0.15617692470550537, 1.0353670120239258, 1.2481845617294312, 0.126173734664917, 0.7156348824501038, -0.33836328983306885, -0.2156689614057541, 0.030999893322587013, -0.20063786208629608, -0.26528066396713257, 1.1654800176620483, 0.3577772080898285, -0.7464093565940857, 0.491919606924057, -0.15913967788219452, 0.5295974612236023, 0.0964709222316742, 0.04497915878891945, 0.25227853655815125, 0.5316572785377502, -0.20634643733501434, -0.37697911262512207, 0.9028838276863098, -0.04235050082206726, -0.4526309072971344, 0.11872867494821548, 0.7750222682952881, 0.782051146030426, 1.1134953498840332, -0.5045842528343201, 0.34973403811454773, 1.1527800559997559, 0.45362773537635803, 