{"text": "{\r\n  \"total\": 4,\r\n  \"success\": 4,\r\n  \"failed\": 0,\r\n  \"success_rate\": \"100.0%\",\r\n  \"avg_duration_ms\": 38865.0\r\n}", "embedding": [1.495642066001892, 0.5007365942001343, -4.071346282958984, 0.07460742443799973, 1.2938177585601807, -0.6051781177520752, 1.255277156829834, -0.18480588495731354, -0.1453312486410141, -0.06592592597007751, -0.572970986366272, 0.5877363085746765, 1.4970892667770386, 0.27599790692329407, 0.10928653180599213, -0.3746943175792694, 0.2684905529022217, -1.9340031147003174, -1.0165960788726807, 1.1722856760025024, -0.20336663722991943, -1.3277764320373535, -0.7508562803268433, -0.23754067718982697, 1.2754820585250854, 1.2386116981506348, -0.6117737293243408, 0.10241967439651489, -1.2290693521499634, 0.19887563586235046, 0.6263573169708252, 0.2771766185760498, 0.06423163414001465, -0.8945085406303406, -1.4262768030166626, -0.44306567311286926, -0.2718181312084198, -0.19015024602413177, 0.6222041249275208, -1.0091760158538818, 0.12856976687908173, -0.9033841490745544, 0.2901560664176941, 0.004025510512292385, 0.544026255607605, 0.4418550729751587, 0.015793651342391968, 0.508220911026001, 0.6173901557922363, -0.6917429566383362, 0.45508572459220886, -0.01509184017777443, 0.305048406124115, -0.7841576337814331, 1.4304784536361694, 0.8911440372467041, -2.066918134689331, 0.24318604171276093, 0.5054839849472046, 0.08211153745651245, 1.6897172927856445, -0.24196359515190125, -0.12487337738275528, 1.135389804840088, 1.177553415298462, -0.2335425466299057, -0.3610876500606537, 0.8620505928993225, 0.23928196728229523, -0.14915701746940613, 0.7668946981430054, -0.14415980875492096, -0.291526198387146, -0.08715587854385376, -0.7765426635742188, -0.24209710955619812, -0.7824986577033997, -0.8831939101219177, -0.10558181256055832, 0.4821135401725769, 0.23857611417770386, -0.9103360176086426, 0.3805081844329834, -0.267009973526001, 0.8161559700965881, -0.7499743103981018, -0.18646374344825745, -0.7589384317398071, -1.266832709312439, 1.4824472665786743, 0.2749067544937134, 1.0154505968093872, 0.2690108120441437, 1.0212862491607666, -1.5953160524368286, 0.05336800217628479, -0.1459221988916397, 0.7753744125366211, -0.37645962834358215, 0.8316277265548706, -0.2566166818141937, 0.4819537103176117, -0.3063845932483673, -0.7234140634536743, 0.4861283302307129, 1.5809686183929443, 0.649247407913208, -0.25194045901298523, 0.28570419549942017, 0.40512898564338684, -0.7592117190361023, 0.3022153675556183, -0.26674044132232666, -0.8128650188446045, -0.1778165102005005, -0.05691901594400406, 1.5634082555770874, -0.7817378640174866, -0.3534391224384308, 0.03942500799894333, 0.20624279975891113, -0.12237627804279327, -0.03092152252793312, 0.511694610118866, -0.8621936440467834, -0.008972067385911942, -0.5438364744186401, 0.9565942883491516, 0.32881495356559753, 0.3320409953594208, -0.09954474121332169, -0.9160618782043457, -0.8602554798126221, 0.24012959003448486, 0.5002322793006897, 1.2031563520431519, 0.30996909737586975, -0.3483763635158539, -0.2674906253814697, 0.5002144575119019, -0.17177073657512665, -1.035285472869873, 0.14566032588481903, 0.3309554159641266, -0.25338003039360046, -1.3340429067611694, 0.6727186441421509, 0.35484111309051514, -0.8390004634857178, 0.00044793012784793973, 0.49593815207481384, -0.2807089686393738, 0.4032640755176544, 0.5489623546600342, 0.024280108511447906, -0.9707372784614563, -0.12602855265140533, -0.04838552325963974, 0.0018085935153067112, 0.0672304555773735, 1.1927390098571777, -0.23392198979854584, -0.8506596088409424, 0.6851810812950134, -0.5073875188827515, -0.5383635759353638, 0.1908138394355774, 0.6788713932037354, -0.1029011607170105, 0.35423651337623596, -0.7820968627929688, -1.1144217252731323, -0.18725040555000305, -0.3881780803203583, -0.5122657418251038, 0.05277102813124657, 0.5402107238769531, -0.10042304545640945, 0.2282041609287262, -0.6287676692008972, 1.3391132354736328, -1.1649492979049683, 0.5130124092102051, 0.45380327105522156, -0.02943049557507038, -0.41734665632247925, 1.3296513557434082, -0.09036730974912643, -1.0968427658081055, -0.00721609266474843, 0.23380179703235626, 0.11622349917888641, -1.0528229475021362, -0.17376232147216797, -0.6752317547798157, 0.2263554483652115, 1.5227370262145996, -0.26215097308158875, 1.0274089574813843, -0.7381904125213623, -0.3274410367012024, 0.6494185924530029, -0.48179754614830017, 0.02545899711549282, -1.106899619102478, 0.1897209882736206, 0.08566545695066452, 1.154259443283081, -0.4673650562763214, 1.0373510122299194, 1.493955135345459, -0.3024042546749115, -0.5555195212364197, 0.5937998294830322, 0.3085881769657135, -0.9285491108894348, -0.28755131363868713, -0.5626593232154846, 0.16182538866996765, 0.7295295596122742, 0.14167647063732147, 0.305029034614563, -0.4163772165775299, -0.6939321756362915, 1.168160080909729, 0.5627138614654541, -1.1917929649353027, 0.3908487856388092, -0.8018519878387451, 0.19429220259189606, 0.5027464628219604, -1.062844157218933, 0.656501054763794, -0.28308743238449097, -0.4517156779766083, 0.8720602989196777, -0.25770238041877747, 0.6228581070899963, 0.4443211853504181, 1.069165587425232, 0.34394949674606323, 0.17985323071479797, -0.5275232195854187, 0.3303367793560028, -0.6884256601333618, 0.04079698026180267, -0.6978263854980469, -0.1452031284570694, 0.09529845416545868, 0.8638508915901184, -0.1888035386800766, 0.7302915453910828, 1.3545910120010376, 0.17818184196949005, 0.6076952219009399, -0.1784551739692688, -0.9254626035690308, -0.05546870455145836, -0.02064148336648941, 0.29260197281837463, -0.014560376293957233, -0.10872188955545425, 0.40099576115608215, -0.5255409479141235, -1.011781930923462, -1.2370637655258179, -0.4190269112586975, -0.3587094247341156, 0.21372997760772705, 0.08660262823104858, 0.14780446887016296, 0.5252392292022705, 0.5382871031761169, 1.461644172668457, 0.4680018126964569, -0.14843860268592834, 0.7150644063949585, 0.3913121819496155, 0.2457716017961502, 0.0847361609339714, -1.4917104244232178, -0.4134543240070343, -0.6202948689460754, 0.3919217586517334, 0.31095242500305176, -0.47674137353897095, 1.083844780921936, -0.004860860761255026, 0.31085431575775146, 0.5950376391410828, -0.12180072069168091, -0.0670943632721901, -0.3987102210521698, 0.2820264399051666, 0.2570262551307678, 0.4265647530555725, 1.3206777572631836, -0.5734638571739197, 0.5941799283027649, -0.862476110458374, -0.5146127939224243, 0.6703199148178101, 0.017652401700615883, -0.3115313947200775, -0.8509041666984558, -0.7236317992210388, -0.28767913579940796, 0.3351477086544037, 1.0977599620819092, -0.2764914631843567, 0.2858947217464447, -0.05515988543629646, -0.5579591989517212, 0.3625248074531555, -0.06817907840013504, 1.02479088306427, 0.2699451148509979, 0.8886546492576599, 0.6231460571289062, 0.5492076277732849, 0.19818967580795288, -0.8515909314155579, -0.19273388385772705, -0.5121786594390869, 0.1791764497756958, 0.3914926052093506, -0.6343415975570679, 0.9370051026344299, -0.347538024187088, 0.7268249988555908, 0.35581013560295105, 0.3430248200893402, 0.21475380659103394, -1.0714256763458252, 0.3645625710487366, 1.0049715042114258, -0.18676218390464783, 0.2306939661502838, -0.411887526512146, 1.29979407787323, 0.338247686624527, 0.023009207099676132, 0.11908972263336182, -0.7616180181503296, -0.5354965329170227, -0.0011863891268149018, -0.7041230201721191, -0.40325599908828735, 0.6095118522644043, 0.4240019917488098, -0.552446186542511, 0.043689001351594925, -0.2937905788421631, -0.06170931085944176, 0.829515814781189, 0.07750513404607773, 0.6972776055335999, 1.4896631240844727, 0.28733503818511963, -0.2562395930290222, 1.0511674880981445, 0.4746803641319275, -0.4575529396533966, -0.662803053855896, -0.2650620937347412, 1.2712541818618774, 0.2833787500858307, 0.597034752368927, 0.26375138759613037, -0.3107225298881531, -0.34399375319480896, -0.36556458473205566, 0.5557509660720825, 0.27882540225982666, -0.05696895718574524, 0.2560575008392334, -1.7111719846725464, -0.8202136158943176, 