{"text": "{\"train\": [{\"input\": [[0, 0, 6], [0, 6, 0], [6, 0, 0]], \"output\": [[0, 0, 0, 0, 0, 0, 6, 6, 0], [0, 0, 0, 0, 0, 0, 6, 0, 6], [0, 0, 0, 0, 0, 0, 0, 6, 6], [0, 0, 0, 6, 6, 0, 0, 0, 0], [0, 0, 0, 6, 0, 6", "embedding": [-1.1157103776931763, 0.43014970421791077, -3.9381308555603027, -1.431240439414978, 1.4383544921875, -1.0817325115203857, 1.0974507331848145, 0.6747598052024841, -1.7729511260986328, -1.6836051940917969, -1.4239588975906372, 1.3482754230499268, 0.965160071849823, 0.4348480999469757, 0.164590522646904, -0.6715394258499146, 0.6733593940734863, -1.3883103132247925, 1.1240081787109375, 0.9122390747070312, 1.1603258848190308, 0.4998098313808441, 0.45796123147010803, -0.3874101936817169, 1.4669569730758667, 0.5234853625297546, -0.5139384269714355, 0.2768733501434326, -1.5742988586425781, 0.6531082987785339, 0.7802147269248962, -0.595959484577179, 0.3852260410785675, -1.1194126605987549, -1.9586036205291748, -0.4072864055633545, 0.8318319916725159, -0.5331655144691467, 0.8510253429412842, -0.12444467097520828, 0.7490015029907227, -0.6138096451759338, -0.445509135723114, -0.5696386098861694, 0.6298974752426147, -1.2428983449935913, 1.1889158487319946, -0.09235963225364685, -0.6308420300483704, -0.20218464732170105, -0.6939069628715515, -0.30860915780067444, -0.840043842792511, -1.591714859008789, 1.9770640134811401, 1.0664626359939575, -1.133148193359375, 0.08186513185501099, 0.8634762763977051, -0.5721815824508667, 0.15257935225963593, 0.8006964921951294, -1.4340347051620483, 1.294795274734497, 1.151250958442688, 0.25771665573120117, -0.18322452902793884, 0.8208839297294617, -0.5163587927818298, 0.8649295568466187, 1.0264211893081665, -0.3698174059391022, -0.1075732409954071, -0.5755788683891296, -0.23734021186828613, 0.11502468585968018, -0.26450803875923157, 0.2554306983947754, -0.7776617407798767, 0.2981262505054474, -0.0011262887855991721, -1.0666011571884155, 0.388477623462677, 0.13758331537246704, 1.01478111743927, -0.7890793085098267, -0.2363935112953186, -0.8451248407363892, -1.9180049896240234, 0.8298246264457703, 0.1513441503047943, 0.44234129786491394, 1.0206241607666016, 0.5098364949226379, -0.33365267515182495, -0.9191707372665405, -1.0206968784332275, -0.07039465755224228, 0.7077378034591675, -0.9681026339530945, -0.08644228428602219, 0.12472660094499588, -0.343852698802948, -2.3108553886413574, 1.0281745195388794, 0.4555612802505493, 0.48126548528671265, -0.2863713502883911, -0.10623596608638763, -1.3464298248291016, -0.5188672542572021, 0.2482057809829712, -0.42096519470214844, -0.8489679098129272, 0.4682004451751709, -0.48295384645462036, -0.24655063450336456, -1.1308295726776123, -0.5455707311630249, 0.14356935024261475, 0.3602679371833801, -0.2524346709251404, -0.9601456522941589, 0.20356127619743347, 1.3044408559799194, 0.10111088305711746, -0.646154522895813, 0.8096831440925598, 0.1093081533908844, 0.060911305248737335, 0.5186392068862915, -0.19705738127231598, -0.8360314965248108, 0.048435796052217484, 0.895530104637146, 1.0723549127578735, -0.9414650201797485, -1.5075172185897827, 0.5658689141273499, 0.16562849283218384, 0.8070201873779297, -0.04932444170117378, -1.096710205078125, -1.6056959629058838, 0.6890036463737488, 0.19367976486682892, 0.3397090435028076, -0.42772626876831055, -0.9549098014831543, -0.4246000647544861, 0.19966590404510498, 1.0369499921798706, 0.01830606535077095, 0.8727052211761475, 1.1780396699905396, -0.7691689133644104, 1.7740267515182495, -0.12959666550159454, 0.39553302526474, 0.32583320140838623, 1.9054763317108154, -1.2083035707473755, -0.6228888630867004, 1.066199541091919, -0.2943195104598999, -0.46129152178764343, 0.4293212592601776, 0.4850359857082367, 0.7311756610870361, 1.5251617431640625, -1.2576682567596436, -0.9839986562728882, -0.9125737547874451, -0.09584814310073853, -1.0416369438171387, 0.8331481218338013, 1.5602163076400757, -0.5771576762199402, 0.39656776189804077, -0.6684520840644836, 0.7820682525634766, -0.9856918454170227, 1.3319138288497925, -0.35931169986724854, -0.4672185480594635, -0.508140504360199, -0.6511224508285522, -0.30391547083854675, -0.9226131439208984, -1.1363126039505005, -0.37448227405548096, 0.10687296092510223, -0.7410310506820679, -0.3468964099884033, -0.618130624294281, -0.7636576890945435, 0.9023039937019348, -1.1953251361846924, 1.0540454387664795, -1.0138612985610962, -0.29493314027786255, -0.9413846731185913, -0.2107866257429123, 0.599989652633667, -0.8116770386695862, -0.6642294526100159, 0.1381906121969223, 1.1161961555480957, -1.0045971870422363, 0.4828090965747833, 0.8245030641555786, 0.4311402440071106, 1.188287377357483, 0.8461580276489258, -0.4193139374256134, -1.3939006328582764, 0.9558042287826538, -1.4327152967453003, 0.31697264313697815, 0.2784116864204407, 0.9203157424926758, -0.6955481171607971, 0.7897626757621765, 0.20036828517913818, -0.5773253440856934, -0.489553838968277, -0.05654725804924965, -0.5970396399497986, -1.133736491203308, 0.37740734219551086, -0.40857914090156555, -0.3809545338153839, 1.1375781297683716, -0.017050141468644142, 0.38357213139533997, -0.3553919792175293, 0.19593581557273865, 1.0927696228027344, -1.118361234664917, 0.22365878522396088, 0.13601703941822052, 0.9016876220703125, -0.1903715431690216, -0.560688853263855, -0.8049788475036621, -0.04217423126101494, 0.2251840978860855, -0.29533272981643677, 0.5732198357582092, -0.012925439514219761, -0.5011656284332275, 0.532733142375946, 0.518679141998291, 1.5307508707046509, 0.7296946048736572, -1.5137708187103271, -0.37063780426979065, -0.19751635193824768, 0.05648133158683777, -0.8252658843994141, 0.16256891191005707, 0.35686948895454407, -0.4895259737968445, 0.19701026380062103, -1.231395959854126, -1.655600666999817, 0.4611274302005768, 0.08054763823747635, 0.12627172470092773, -0.6617127060890198, -1.4390132427215576, -0.2208676040172577, 0.6935425996780396, 0.769175112247467, 0.0570099875330925, -0.003433651989325881, 0.07784592360258102, 0.04141363874077797, 0.3289189636707306, 0.6413829326629639, 0.5437224507331848, -0.3585517406463623, -0.6145517826080322, -0.5973589420318604, 0.5047321319580078, -1.0967175960540771, 0.9677588939666748, 0.2320462018251419, 0.5894311666488647, 0.23445576429367065, 0.38940733671188354, 1.1324881315231323, 0.7104812264442444, 0.25680994987487793, 0.36878570914268494, 0.2473236620426178, 0.5747804045677185, 0.18431949615478516, -0.33633527159690857, 0.17282500863075256, -0.6956307291984558, 0.45202791690826416, 1.2684004306793213, -0.12497411668300629, -0.20379173755645752, -0.5444892644882202, 0.4566650092601776, -0.15211574733257294, 0.06867416948080063, 0.4168676435947418, 0.007843941450119019, -0.3357223570346832, -0.9890248775482178, -0.07842834293842316, -0.09324923157691956, 0.4409373104572296, 0.6976108551025391, 0.30617958307266235, 0.6235105991363525, 0.0056470949202775955, 0.08553381264209747, -1.2042607069015503, -0.268079936504364, -0.40142619609832764, 0.17977915704250336, 1.1369715929031372, 0.6131199598312378, 0.13791795074939728, -0.2026403844356537, 0.4039969742298126, 1.1454274654388428, 1.1182230710983276, 0.19295087456703186, -0.6690648794174194, -0.12226327508687973, -0.07886209338903427, 0.19635674357414246, -0.03218258172273636, -0.47935032844543457, 0.7105891108512878, -0.7408991456031799, -0.030727503821253777, 0.20004981756210327, -0.29815465211868286, 0.017975443974137306, 0.2742108404636383, 0.03903881460428238, -0.5739341378211975, 0.36830857396125793, 0.3964684307575226, -0.4734126627445221, 0.7117563486099243, 1.2630772590637207, -0.04303829371929169, -0.05702460557222366, 0.03766726329922676, -0.2705373466014862, -0.0818382203578949, 0.4879843294620514, 1.3922691345214844, 0.08036919683218002, 0.0664333626627922, -0.20050273835659027, 0.0026399933267384768, 0.09132080525159836, 0.09690489619970322, 0.7303539514541626, 0.3192470669746399, 1.0878252983093262, 0.0842549279332161, -0.18262384831905365, -0.0670684427022934, -0.011890573427081108, -0.6675981879234314, 