{"text": "{\"train\": [{\"input\": [[0, 0, 0, 8, 0, 0, 0, 0, 0], [0, 0, 0, 0, 0, 0, 0, 0, 0], [0, 0, 0, 0, 0, 0, 2, 0, 0], [0, 0, 1, 0, 0, 0, 0, 0, 0], [0, 0, 0, 0, 0, 0, 0, 0, 0], [0, 0, 0, 0, 0, 0, 0, 0, 0], [0, ", "embedding": [-0.8533958196640015, -0.001107989577576518, -3.314781665802002, -1.5974493026733398, 1.4818494319915771, -0.9025365114212036, 0.8394221067428589, 0.8905443549156189, -1.5167174339294434, -1.716895580291748, -1.6268259286880493, 1.3666343688964844, 0.5880990624427795, 0.7700241208076477, 0.25258782505989075, 0.031046967953443527, 0.9041293859481812, -1.000766634941101, 1.000527024269104, 0.5052562355995178, 0.880035400390625, 0.38898763060569763, 0.4624289274215698, -0.3490684926509857, 1.1960737705230713, 0.6185449957847595, -0.804341733455658, -0.02203090488910675, -1.369590163230896, 0.5683023929595947, 0.31564584374427795, -0.9463852643966675, 0.33438313007354736, -0.6989225149154663, -1.6273066997528076, -0.04119860753417015, 0.7462950944900513, -0.22396034002304077, 0.36220890283584595, 0.22499705851078033, 0.8561241626739502, -0.6397432088851929, -0.6581932902336121, -0.5657374858856201, 0.4526923894882202, -1.1206637620925903, 1.4701812267303467, -0.12589232623577118, -0.5159759521484375, -0.6897611021995544, -0.5471394062042236, -0.05200037360191345, -0.8318713903427124, -1.646302580833435, 1.5161724090576172, 1.1705385446548462, -1.1664704084396362, 0.16798411309719086, 0.4985441267490387, -0.7411742806434631, 0.2291446179151535, 0.6524713635444641, -1.072670817375183, 1.3023416996002197, 0.848972499370575, 0.172148197889328, -0.4622625410556793, 0.9763197898864746, -0.9245221614837646, 0.5752436518669128, 1.0128203630447388, -0.3379327654838562, -0.09012354910373688, -0.6327349543571472, -0.29263296723365784, 0.24567274749279022, -0.09040483087301254, 0.38147851824760437, -0.8407303094863892, -0.11015260219573975, -0.023478519171476364, -0.9761290550231934, -0.16135694086551666, 0.1504545658826828, 0.7779199481010437, -0.7670814990997314, -0.40404269099235535, -1.1655278205871582, -1.9034130573272705, 0.6819953918457031, 0.20131570100784302, 0.24981170892715454, 1.0332833528518677, 0.26378223299980164, 0.007944715209305286, -0.75417560338974, -0.9650567770004272, -0.40552666783332825, 0.9190755486488342, -0.8620027899742126, -0.30478447675704956, -0.1726338416337967, -0.4189261794090271, -1.6965805292129517, 0.8884122967720032, 0.5524722337722778, 0.7581328749656677, -0.28060415387153625, -0.10225911438465118, -1.17725670337677, -0.39249151945114136, -0.31570908427238464, -0.29071274399757385, -0.7186994552612305, 0.4892398715019226, -0.5329490303993225, -0.08322995156049728, -0.9747892618179321, -0.7566080093383789, -0.2157905250787735, 0.10957197099924088, -0.2905118763446808, -1.175135612487793, -0.04503539577126503, 1.210695743560791, 0.0466153621673584, -0.3731696605682373, 0.8077701330184937, 0.08113395422697067, -0.2682963013648987, 0.618375301361084, 0.022894887253642082, -0.9579645395278931, 0.15669722855091095, 0.7530211210250854, 1.1654499769210815, -1.0516999959945679, -1.7633121013641357, 0.5490925908088684, 0.13307513296604156, 0.7844879627227783, 0.19777078926563263, -1.023499846458435, -1.5566316843032837, 0.8167092800140381, -0.13947628438472748, 0.20993733406066895, -0.2672041058540344, -0.8901055455207825, -0.46137988567352295, 0.3018174469470978, 1.0081866979599, -0.008643516339361668, 1.1204637289047241, 0.9707494378089905, -0.535821259021759, 1.8273383378982544, -0.3943359851837158, 0.3587745130062103, 0.3297894597053528, 1.6794768571853638, -1.1367535591125488, -0.8125297427177429, 1.0032548904418945, -0.24753473699092865, -0.4046245217323303, 0.26699957251548767, 0.5506705045700073, 0.7903413772583008, 1.6660292148590088, -1.1467338800430298, -0.6485735177993774, -0.6373468637466431, -0.17684440314769745, -1.2476900815963745, 0.9114999771118164, 1.4429175853729248, -0.36116817593574524, 0.5627744793891907, -0.40248915553092957, 0.7679252624511719, -1.0201157331466675, 1.2796815633773804, -0.6840900182723999, -0.20978321135044098, -0.5045481324195862, -0.7362101674079895, -0.21090035140514374, -0.6051496863365173, -1.4124822616577148, -0.8356910347938538, 0.056833576411008835, -0.814721405506134, 0.0005254304269328713, -0.6413592100143433, -0.867929995059967, 0.9593693017959595, -1.1204503774642944, 0.6257748007774353, -1.1865177154541016, -0.31377753615379333, -0.6739566326141357, -0.14319409430027008, 0.3530072271823883, -0.8871681690216064, -0.9552304148674011, 0.22039875388145447, 1.252610683441162, -0.9546201229095459, 0.67014479637146, 0.8864544034004211, 0.7390291690826416, 1.3386683464050293, 0.9409971237182617, -0.6574423313140869, -1.199788212776184, 0.8956648707389832, -1.409195899963379, 0.1755836457014084, 0.516297459602356, 1.3905372619628906, -0.5833955407142639, 1.073655605316162, 0.1942996382713318, -0.272004634141922, -0.2909863293170929, -0.2502613961696625, -0.6259217262268066, -1.0571978092193604, 0.29343390464782715, -0.28430095314979553, -0.5270256996154785, 0.9798986315727234, -0.1474541872739792, 0.34524914622306824, -0.14803749322891235, 0.19630075991153717, 1.3010920286178589, -1.1603423357009888, 0.37244924902915955, 0.12324646860361099, 0.8906331658363342, -0.4265249967575073, -0.8993573784828186, -0.7335625290870667, 0.11345326900482178, -0.025585956871509552, -0.05262695625424385, 0.47875580191612244, 0.08176059275865555, -0.32079386711120605, 0.6591429114341736, 0.7983032464981079, 1.5409502983093262, 0.5445650219917297, -1.9192461967468262, -0.39740437269210815, -0.3372024595737457, 0.2716293931007385, -1.4121507406234741, 0.21467240154743195, 0.32210397720336914, -0.5793679356575012, 0.16818468272686005, -0.9139584302902222, -1.2778898477554321, 0.25181493163108826, -0.0692305713891983, 0.44000235199928284, -0.48807549476623535, -1.345672845840454, 0.08424124866724014, 0.5222046971321106, 0.7816709280014038, -0.011724633164703846, 0.24411021173000336, 0.03229869529604912, 0.364461749792099, 0.38708731532096863, 0.5783849954605103, 0.47781699895858765, -0.359449565410614, -0.7007733583450317, -0.6681450009346008, 0.6953122615814209, -0.9650719165802002, 0.5754982829093933, 0.054568756371736526, 0.34335899353027344, -0.08287186920642853, 0.6442188620567322, 1.1113777160644531, 1.1115548610687256, 0.6156256198883057, 0.37049952149391174, 0.42941948771476746, 0.35503578186035156, 0.15650400519371033, -0.1479688435792923, 0.3181993067264557, -0.5133709907531738, 0.5233235359191895, 0.8415847420692444, -0.4021586775779724, -0.33689868450164795, -0.3815957009792328, 0.590901792049408, -0.13820552825927734, -0.08814521878957748, 0.43607115745544434, 0.09623075276613235, -0.11993180215358734, -0.7751232385635376, 0.0017554871737957, 0.023113902658224106, 0.7260119318962097, 0.5234692692756653, 0.18834158778190613, 0.6881877183914185, -0.04448879882693291, 0.6338692903518677, -1.0365766286849976, -0.24312403798103333, -0.5214182734489441, -0.05137734115123749, 1.2725335359573364, 0.592884361743927, 0.2225901186466217, 0.08059421181678772, 0.3177829086780548, 1.4514541625976562, 1.1127846240997314, 0.21912522614002228, -0.5053943991661072, -0.21157366037368774, -0.3324357271194458, -0.09139952808618546, -0.1734713315963745, -0.4269258975982666, 0.479451060295105, -1.0934538841247559, -0.24608181416988373, 0.42909181118011475, -0.011719332076609135, -0.13561201095581055, 0.06373610347509384, -0.11626477539539337, -0.7205712795257568, 0.5028790235519409, 0.2911226153373718, -0.08956510573625565, 0.636992335319519, 1.0717482566833496, -0.3602251410484314, 0.31610968708992004, -0.0027155184652656317, -0.6101285219192505, 0.04310651868581772, 0.19379834830760956, 1.3846237659454346, 0.06140049546957016, 0.40948861837387085, -0.3269461393356323, 0.4124619662761688, 0.027183596044778824, 0.24673818051815033, 1.0025919675827026, 0.3916962742805481, 0.9829073548316956, 0.12003155052661896, 0.06594420224428177, 0.02728176862001419, -0.14153341948986053, -0.7777458429336548, 