{"text": "{\"train\": [{\"input\": [[8, 8, 8, 8, 8, 8, 8, 8, 8, 8, 8, 8, 8, 8, 8, 8], [8, 8, 8, 8, 8, 8, 1, 8, 8, 8, 8, 8, 8, 8, 8, 8], [8, 8, 8, 8, 8, 1, 1, 8, 8, 8, 8, 8, 8, 8, 8, 8], [8, 8, 8, 8, 8, 1, 8, 8, 8, ", "embedding": [-1.1672135591506958, 0.4756847620010376, -2.914769172668457, -2.137454032897949, 1.0268726348876953, -1.1967610120773315, 1.1653642654418945, 0.750356137752533, -1.4272792339324951, -1.4254405498504639, -2.076106548309326, 1.6095579862594604, 0.9073055982589722, 0.35637781023979187, 0.2037588655948639, 0.12965889275074005, 1.3280963897705078, -0.963426411151886, 0.6787645220756531, 0.5375493168830872, 0.14372655749320984, 0.3138153851032257, 0.2000277042388916, -0.09412041306495667, 1.5853301286697388, 0.3631652295589447, -0.6361384391784668, 0.2699529230594635, -1.6447101831436157, 0.5506883263587952, 0.32006219029426575, -0.7824611663818359, 0.6079438924789429, -1.061155915260315, -1.4546335935592651, -0.5749779939651489, 1.2343878746032715, 0.2527690827846527, -0.05600253492593765, 0.8961107134819031, 1.7189182043075562, -0.5214729309082031, -0.6630422472953796, -0.11767204105854034, 0.132873997092247, -1.324345350265503, 1.407852292060852, 0.04368699714541435, 0.15443895757198334, -1.2404195070266724, -0.6512067317962646, 0.13160544633865356, -0.43499961495399475, -1.3108580112457275, 0.928564727306366, 1.1201066970825195, -0.9164631366729736, 0.5112277865409851, 0.5952914357185364, -0.14150434732437134, 0.4546077847480774, 0.3952428102493286, -0.7155179977416992, 1.0276278257369995, 0.978912889957428, -0.02754858508706093, -0.337589830160141, 1.350972294807434, -0.5106984972953796, 0.007029036059975624, 0.843614399433136, 0.23822817206382751, -0.16518206894397736, -0.1280525028705597, -0.38433653116226196, -0.1252351552248001, -0.16560031473636627, 0.1519503891468048, -0.5864371061325073, -0.05978892743587494, 0.05299181863665581, -0.7597650289535522, 0.2957724928855896, -0.3331049978733063, 0.24482935667037964, -0.9298340082168579, -0.27355411648750305, -1.0066494941711426, -1.4977575540542603, 0.7927737832069397, 0.3042202591896057, 0.3674464523792267, 1.2643133401870728, 0.263548344373703, 0.10751572996377945, 0.09530758857727051, -0.19447863101959229, -0.7100219130516052, 1.0818208456039429, -0.7494651675224304, -0.24920903146266937, -0.4462219774723053, -0.7142905592918396, -1.389786720275879, 0.5536221861839294, 0.5774441361427307, 0.3982376456260681, -0.2466915398836136, -0.27790674567222595, -1.6064138412475586, -1.065716028213501, 0.09192872792482376, -0.35433194041252136, -0.5903886556625366, -0.11661580950021744, -0.8435965776443481, 0.13607710599899292, -0.8977248072624207, -0.6682069897651672, 0.29726269841194153, -0.03607644885778427, -0.334734708070755, -1.3589532375335693, -0.03912724182009697, 0.5562820434570312, 0.42596039175987244, -0.361590713262558, 1.2944945096969604, 0.3859204947948456, -0.6412094235420227, 0.28862932324409485, -0.0765371173620224, -0.7184699177742004, 0.4516591727733612, 0.5653826594352722, 0.9034358263015747, -1.062953233718872, -1.413400411605835, 0.5501628518104553, -0.17830118536949158, 0.7129351496696472, 0.39824533462524414, -1.0704588890075684, -1.2812587022781372, 0.398522287607193, -0.5799184441566467, 0.3414780795574188, 0.17280206084251404, -0.754605233669281, -0.09105250984430313, 0.6376664638519287, 0.32045039534568787, -0.024570466950535774, 1.0432300567626953, 0.8138987421989441, -0.35699960589408875, 1.3608777523040771, -0.2378365397453308, 0.09751046448945999, 1.05314302444458, 1.4017560482025146, -1.1128190755844116, -1.3008323907852173, 1.2130703926086426, -0.21381893754005432, -0.5454829335212708, 0.478626012802124, 0.8308771848678589, 0.4865020513534546, 1.4197189807891846, -1.1743191480636597, -0.7257091403007507, -0.8671595454216003, -0.13536252081394196, -0.9338032007217407, 0.8983982801437378, 1.3215676546096802, -0.5582666397094727, 0.4135710299015045, -0.364192932844162, 1.031821370124817, -0.8410111665725708, 1.6438343524932861, -0.5613204836845398, 0.27483001351356506, -0.6584556102752686, -1.1623759269714355, 0.07651828974485397, -0.34293535351753235, -0.9201802611351013, -0.884434163570404, -0.09211244434118271, -1.0769367218017578, -0.21935243904590607, -0.8104013800621033, -0.7017630934715271, 0.8735218644142151, -0.4833253026008606, 0.038678187876939774, -0.9715604186058044, -0.48295944929122925, -0.437397837638855, -0.28770822286605835, 0.07043430954217911, -1.2490079402923584, -0.7575302124023438, 0.5807996988296509, 1.1930521726608276, -1.1142218112945557, 0.7068750262260437, 0.9992172122001648, 0.8454949259757996, 0.9511906504631042, 0.7559462785720825, -0.34119004011154175, -1.45248544216156, 0.9688587188720703, -1.3886404037475586, 0.8458236455917358, 0.39633455872535706, 1.041454553604126, -0.4472137987613678, 0.8529323935508728, 0.01982959359884262, 0.4248080849647522, -0.01612020656466484, -0.06567217409610748, -0.39729011058807373, -1.7266839742660522, 0.27458298206329346, -0.22009475529193878, -0.6384241580963135, 0.7886515855789185, -0.12210019677877426, 0.5344634056091309, -0.13625338673591614, 0.531671941280365, 1.688137173652649, -1.1290781497955322, 0.10105133801698685, 0.37223324179649353, 0.9263523817062378, -0.6244587302207947, -0.4165418744087219, -0.7275784611701965, 0.4790933132171631, -0.6278353929519653, -0.2896820306777954, 0.7128655314445496, 0.8256805539131165, -0.4949139356613159, 0.8262816667556763, 0.6625226736068726, 1.3431310653686523, 0.5424255132675171, -2.0650665760040283, -0.5010145306587219, -0.43428072333335876, 0.2080191671848297, -0.853053629398346, 0.49707409739494324, 0.7906360030174255, -0.21719183027744293, -0.20973023772239685, -0.9632129073143005, -1.0415737628936768, 0.5736163258552551, -0.2818891704082489, 0.48603546619415283, -0.3834328353404999, -1.2113314867019653, -0.1404072791337967, 0.591190755367279, 0.5748646259307861, 0.34594789147377014, 0.3209190368652344, 0.060476262122392654, 0.4145456850528717, 0.04900788515806198, 0.8005750179290771, 0.4347742199897766, -0.4922770857810974, -0.6593384742736816, -0.23337772488594055, 0.09985987097024918, -0.4391885995864868, 0.6675294041633606, 0.14376506209373474, 0.38723060488700867, 0.06439941376447678, 0.8110994100570679, 1.035993218421936, 1.1767939329147339, 1.291298747062683, 0.1753234565258026, 0.16209521889686584, 0.3675939738750458, 0.14636653661727905, 0.1608668863773346, 0.5665104985237122, -0.6006242632865906, 0.48811447620391846, 0.6067632436752319, 0.01572323404252529, -0.8014429807662964, -0.530600368976593, 0.8007896542549133, -0.24058425426483154, 0.15685012936592102, 0.17664958536624908, -0.29467880725860596, 0.16193892061710358, -0.8980417847633362, 0.26045387983322144, -0.3137384057044983, 0.5760366916656494, 0.274961918592453, 0.7348430752754211, 0.6069560647010803, -0.30698293447494507, 0.4444626271724701, -1.0265395641326904, 0.034193310886621475, -0.4982181489467621, -0.5610308647155762, 0.9186968207359314, 0.16396860778331757, 0.04688205197453499, 0.13249598443508148, -0.22216440737247467, 1.2852662801742554, 0.9198302626609802, 0.6516492366790771, -0.6358745098114014, -0.2720522880554199, 0.017684467136859894, -0.2770215570926666, -0.4257092773914337, -0.22124142944812775, 0.3605860471725464, -0.8708295226097107, 0.2947058379650116, 0.6201539635658264, -0.24450209736824036, 0.056555114686489105, 0.11846094578504562, -0.4610894024372101, -0.9257149696350098, 0.6659227609634399, 0.18225006759166718, -0.41229820251464844, 0.7189159989356995, 0.7417519688606262, -0.21591630578041077, 0.7122618556022644, -0.19668957591056824, 0.18751364946365356, -0.2913021743297577, 0.3062819838523865, 0.9372984766960144, 0.2770219147205353, 0.3368408679962158, -0.5561205744743347, 0.3748215436935425, 0.08120894432067871, 0.3077479898929596, 1.0951852798461914, 0.5277870893478394, 0.8566756844520569, -0.14563149213790894, 0.7606572508811951, -0.12297200411558151, -0.004555289633572102, -0.6493306756019592, 0.5110695958137512, 0.2385263890028, 