{"text": "{\n  \"version\": 1,\n  \"bootstrapSeededAt\": \"2026-02-28T22:41:42.022Z\"\n}\n", "embedding": [-0.3625241219997406, -0.3524187505245209, -3.723966121673584, -0.6043257713317871, 0.26009973883628845, -0.2395065724849701, -0.010106810368597507, -0.15101540088653564, -0.3069778382778168, 0.07440469413995743, -0.4660508930683136, 1.3165260553359985, 0.9107716679573059, 0.7680874466896057, 0.5917695760726929, -0.9358518719673157, 0.1494147777557373, -1.48244309425354, -0.3814363479614258, 0.950961172580719, 0.45011669397354126, -0.3728669285774231, -0.4686295688152313, -0.31961724162101746, 2.183152914047241, 0.3686356246471405, 0.3737124800682068, 1.250181794166565, -0.6559717059135437, -0.6349886059761047, 0.9696636199951172, -0.6112057566642761, 0.035922687500715256, -0.4489126205444336, 0.021145973354578018, -1.4624691009521484, 0.03257192298769951, -0.5197676420211792, -0.05118466541171074, -0.18809457123279572, 0.6461091041564941, 0.18712486326694489, 0.46301743388175964, -0.6865265965461731, 0.5197980999946594, -0.562633216381073, 0.35744553804397583, 0.7424939870834351, 1.2941796779632568, -0.4178045094013214, -0.3278636336326599, 0.45589107275009155, 0.5102879405021667, -0.46322551369667053, 0.7564943432807922, 1.574783444404602, -0.6743038892745972, 0.2579211890697479, -0.3777156472206116, -0.23534038662910461, 1.0057350397109985, 1.1168016195297241, 0.027637286111712456, 1.3958560228347778, 0.5432424545288086, 0.05388439819216728, -0.4551730751991272, 0.4021182954311371, -0.4398403465747833, -0.5097715258598328, 0.8110408782958984, 0.09897913783788681, 0.09104198217391968, 0.22597399353981018, -0.8991702795028687, -0.6745123267173767, -0.32555752992630005, -1.0632559061050415, 0.005090246442705393, 0.7945649027824402, -0.5517258048057556, 0.43977659940719604, 0.6191279292106628, -1.359021782875061, 2.002737283706665, 0.2125428020954132, -0.022256668657064438, 1.1712080240249634, -0.3923244774341583, 2.036764621734619, 0.49876874685287476, -0.3314978778362274, -0.0184465404599905, -0.4285585582256317, -1.021675944328308, -0.2786075174808502, -0.7792820930480957, 1.178389310836792, -1.1601120233535767, -0.28019142150878906, -1.0008851289749146, 0.36377814412117004, -0.500494122505188, -0.9788254499435425, -0.25440463423728943, 1.577185034751892, -0.9639057517051697, 0.693514347076416, -1.2662180662155151, -1.191744089126587, -0.13842006027698517, 0.8397979140281677, 0.3292989730834961, 1.1309314966201782, 0.8842074275016785, -0.115350641310215, 1.4653280973434448, -0.13977330923080444, 0.9982398152351379, 0.3582846522331238, -0.9150387644767761, -0.8865659832954407, 0.5367854833602905, 2.170379877090454, -0.03913954645395279, 0.10520311444997787, -1.3558557033538818, 0.010420151054859161, 0.5442705154418945, -0.8273071050643921, -0.48598551750183105, 0.21336166560649872, 0.08252321183681488, 0.06747645884752274, 0.05037383362650871, 0.9766427278518677, -0.14412876963615417, -0.8406256437301636, 0.07675439864397049, -0.007695358712226152, 0.31517067551612854, -0.5711857080459595, 0.6274459958076477, -0.39443710446357727, 0.6106024384498596, -0.5289527177810669, 0.004233663901686668, 0.03676723688840866, -0.8770674467086792, 0.7849431037902832, 0.15099875628948212, 0.09586675465106964, -0.23817956447601318, 0.4321935772895813, 0.46249154210090637, -0.9935988783836365, 0.8787485957145691, 0.6462633013725281, 0.6970868706703186, 0.5636665225028992, 0.9454994797706604, 1.4481569528579712, -1.369278907775879, 0.15144240856170654, -0.005476825870573521, -1.0282331705093384, 0.13028888404369354, 0.4387281537055969, -0.33954939246177673, 0.15980587899684906, -0.962026059627533, -0.49754762649536133, -0.47871971130371094, -0.2564551532268524, -0.2715384364128113, -0.5843327641487122, 0.08999787271022797, -0.30520275235176086, 0.5625295639038086, -0.6724567413330078, 0.358713299036026, -0.8663714528083801, 0.8706017732620239, 1.1294573545455933, -0.8370941877365112, -0.2191939353942871, -0.1703350991010666, -0.9469097852706909, -0.6395958662033081, -0.6710638403892517, -0.3419867157936096, 0.4054761230945587, -1.1021173000335693, -0.5029932260513306, -1.0741273164749146, -0.142361119389534, 0.7800900340080261, 0.02610546350479126, 0.46495819091796875, 0.03964705020189285, -0.08222488313913345, -0.13204535841941833, -0.42697644233703613, 0.1472226083278656, -0.10099717229604721, 0.15511669218540192, -0.05114992707967758, -0.3112804591655731, -0.4765259623527527, 0.9852041006088257, 0.6656915545463562, -0.5552256107330322, 0.08414741605520248, -0.7801241874694824, 1.1323717832565308, 0.07802535593509674, -0.050853073596954346, -0.17989172041416168, -0.7586897611618042, 0.8768903613090515, 0.384943425655365, -0.007810662034898996, 0.266128271818161, -0.3708971440792084, 0.929447591304779, 0.0047815111465752125, -0.25386175513267517, -0.10882455110549927, -0.5212163329124451, 0.018288638442754745, 0.285934180021286, -1.7951452732086182, -0.1883803755044937, 0.7846463918685913, 0.0937521830201149, 0.8972363471984863, -0.2931039035320282, 2.1646270751953125, 0.3480827510356903, 1.0063899755477905, 0.03208497539162636, 0.7183538675308228, -0.1940196454524994, 0.5266618132591248, -0.9344732165336609, 0.4484497904777527, -0.057246603071689606, -0.3493342697620392, 0.7004150748252869, 1.1445529460906982, 0.09041833877563477, -0.9478290677070618, 0.8404513597488403, 0.4651963412761688, 0.5883085131645203, -0.17857107520103455, -0.762590765953064, 0.6217308640480042, -0.17875449359416962, -0.874172568321228, 0.39027053117752075, -0.532434344291687, -0.27884751558303833, -1.012522578239441, 0.6475210785865784, -0.1011490598320961, -0.6532135605812073, -0.4391956925392151, -0.3241563141345978, -0.4590895473957062, 0.8823469877243042, 0.44606146216392517, -0.569080650806427, 0.9277371168136597, -0.6592236161231995, -0.21304653584957123, 1.0196679830551147, -0.40565556287765503, -0.6756822466850281, 0.9311158061027527, -0.8758392930030823, -0.9858888387680054, -0.21107302606105804, 0.914463222026825, 0.6565379500389099, 0.1237974613904953, -0.5394378900527954, -0.20823407173156738, 0.3533448278903961, 0.595855176448822, 0.36290687322616577, 0.39315491914749146, -0.7954694628715515, 0.6302269101142883, 0.09223534911870956, 0.1926882416009903, 0.559528112411499, 0.036894541233778, -0.29146701097488403, -0.925709068775177, 1.2684247493743896, 0.39603179693222046, 0.6823042035102844, 0.9645089507102966, 0.6110575795173645, -0.7312032580375671, 1.4532371759414673, 0.5255264639854431, 1.0050902366638184, -0.6090885400772095, -0.5133659839630127, 0.5700315237045288, -0.7835485339164734, 0.5190276503562927, -1.0077072381973267, 0.2478216588497162, -0.7318667769432068, 0.31786879897117615, 0.8602020144462585, 0.8504370450973511, 0.05730772390961647, -0.8243897557258606, -0.09063529968261719, -0.6481139063835144, -0.2802524268627167, 0.07490910589694977, -0.2884332239627838, 1.8309218883514404, 0.4332559108734131, -0.3356036841869354, 0.34364667534828186, 0.7402776479721069, 0.8239137530326843, -1.3823115825653076, -0.02649664878845215, 0.6476252675056458, -0.4611702859401703, 0.44236037135124207, -0.11866248399019241, 1.1347557306289673, 1.5610171556472778, 0.42702773213386536, 0.5885046720504761, -1.0056945085525513, 1.0832340717315674, -0.48273444175720215, -0.921587347984314, 0.07429493963718414, 0.3657359480857849, 0.3659672737121582, -0.3825753629207611, 0.25529032945632935, -0.6012011766433716, -0.33371928334236145, 0.4500122666358948, 0.7112306356430054, 0.16004440188407898, 0.9264641404151917, 0.26059189438819885, -0.8101316094398499, 0.7532170414924622, 0.0323505662381649, 0.4540867209434509, 0.8664366006851196, 0.2305680513381958, 1.730560541152954, -0.16433604061603546, -0.3567262589931488, 0.9180123209953308, 0.6243475675582886, -0.28332793712615967, -0.35362496972084045, 1.218263030052185, 0.3363000750541687, 0.6817187666893005, -0.15601427853107452, -1.6147435903549194, -0.6518615484237671, 0.10535110533237457, 0.3611024022102356, 0.7746248245239258, 