{"text": "        timeout_map = {\n            \"standard\": None,\n            \"coder\": 300,\n            \"searcher\": None,\n            \"deployer\": 300,\n            \"tester\": None,\n            \"desperate\": 600\n    ", "embedding": [0.25945359468460083, 0.7090045213699341, -3.2255306243896484, -1.4665074348449707, 1.3649359941482544, -0.6201688051223755, -0.07161835581064224, 0.35900747776031494, -0.44446825981140137, -0.28291094303131104, -1.2566485404968262, 1.2348700761795044, 1.1201342344284058, 0.6889461278915405, -0.05102377012372017, -1.1691125631332397, 1.0497469902038574, -0.29397714138031006, 0.46875011920928955, -0.30384087562561035, 0.290619820356369, -0.7835872173309326, 0.2761986255645752, -0.5165947079658508, 1.6671899557113647, 0.15697810053825378, 0.46543407440185547, 0.208272784948349, -0.27807292342185974, 1.1176652908325195, 0.7515313625335693, -0.06230810657143593, 0.06362137943506241, -0.8676639199256897, -0.6587873101234436, -0.9278275370597839, 0.1409604549407959, -0.35860082507133484, 0.9146617650985718, 0.22996661067008972, 0.5012606382369995, 0.2000621259212494, 0.042807936668395996, -0.8764663338661194, 1.2183732986450195, -0.3358337879180908, 1.1040326356887817, 0.4815405607223511, 0.9911521673202515, -1.3115648031234741, 0.2017485499382019, -0.1531388908624649, -0.4026671051979065, -0.10671625286340714, 1.3125921487808228, 0.5977127552032471, -0.7009166479110718, -0.43748342990875244, 0.2552521228790283, -0.20787523686885834, 0.3278203010559082, 1.0081827640533447, 0.2065798044204712, 0.6437186002731323, 0.3333951234817505, 0.6423461437225342, -0.9122769832611084, 0.4543488323688507, -0.1404234915971756, -0.08464530110359192, 0.6622105836868286, -0.8872293829917908, -0.08384845405817032, -0.4890437126159668, -0.7252920866012573, 0.7839891910552979, -0.5896925926208496, -0.8843833804130554, 0.5939902067184448, 0.6537986397743225, -0.431550532579422, 0.7713788747787476, 0.12561841309070587, -0.6366211771965027, 0.17331382632255554, -0.054014842957258224, -0.6153169274330139, -0.4685450494289398, -0.18938706815242767, 0.6462151408195496, -0.5244817137718201, -0.21895255148410797, 0.366995245218277, 0.07320526987314224, -1.1512302160263062, 0.6637094020843506, 0.3195788562297821, 0.5518444776535034, -0.13281424343585968, -0.46789705753326416, -0.7233835458755493, -0.9751648902893066, -0.3551040589809418, -0.5068743824958801, -0.04497859627008438, 0.42638668417930603, 0.34024250507354736, 0.24171528220176697, -0.1048952266573906, -0.37023183703422546, 0.17098239064216614, -0.2171485275030136, -0.5675009489059448, 0.10104335844516754, -0.10235217958688736, -0.8036749958992004, 0.028417527675628662, -0.38096216320991516, -0.11063618212938309, 0.12025179713964462, 0.5197610855102539, -1.320194125175476, -0.11307138949632645, 1.350956678390503, 0.33986157178878784, 0.6290091276168823, -1.121065616607666, 0.10609694570302963, 0.12060176581144333, -0.5386619567871094, -1.0111804008483887, 0.3981137275695801, -0.13244488835334778, 0.7776966691017151, 0.6759609580039978, 0.2223077267408371, -0.427502304315567, 0.09299645572900772, 0.18772372603416443, 0.2503664195537567, 0.19598853588104248, -0.4699380695819855, 0.11886616051197052, -0.07743381708860397, 0.1468418389558792, -0.594515860080719, -0.0017354810843244195, -0.25914934277534485, -1.2977969646453857, 0.09429458528757095, -0.3810800611972809, 0.6936987638473511, -0.24598701298236847, 1.5252245664596558, -0.015919016674160957, -0.3993109166622162, -0.0753309577703476, -0.3975699841976166, 0.13933250308036804, 0.19697126746177673, 0.5375694036483765, -0.386464923620224, -1.0718544721603394, 0.408382773399353, -0.4837450385093689, -0.764444887638092, 0.884293794631958, 0.704034686088562, 0.28149425983428955, -0.13306628167629242, 0.08077328652143478, -0.8152564764022827, -0.34155339002609253, -0.1532784104347229, -0.19653725624084473, 0.303230881690979, 0.7908073663711548, -0.0999448150396347, 0.42430317401885986, -0.42061981558799744, 0.3140956163406372, -1.179555058479309, 0.7887672781944275, 0.5192088484764099, -0.45450255274772644, 0.618165910243988, 0.499531626701355, -0.7300562858581543, -0.7496037483215332, -1.081943154335022, 0.24413301050662994, -0.20501206815242767, -0.9216952323913574, -0.13334742188453674, -0.6026756167411804, -1.1120949983596802, 0.011907631531357765, -0.5227841138839722, 0.40730223059654236, -0.14913210272789001, -0.22314515709877014, -0.047631245106458664, -0.34092816710472107, 0.0022256888914853334, -0.28402870893478394, 0.13792331516742706, -0.26056545972824097, 0.690067708492279, -0.5726885199546814, 0.9579880237579346, 1.3006234169006348, 0.5388422012329102, -0.2175825536251068, 0.18131598830223083, -0.10171104967594147, -0.8711360096931458, -0.497816264629364, -0.2650430500507355, -0.14479319751262665, 0.22747474908828735, 0.11872521042823792, -0.30206283926963806, 0.6263530254364014, -0.15026627480983734, 1.1698769330978394, 0.14598648250102997, 0.20329509675502777, 0.375102698802948, -0.5299276113510132, -0.6731055974960327, -0.6012367606163025, -1.9481253623962402, 0.7582091093063354, 0.0630728155374527, -0.6377498507499695, 0.3862548768520355, 0.045633506029844284, 1.0539345741271973, 0.12739109992980957, 0.05874126777052879, -0.2240903675556183, 0.6171134114265442, 0.01539718545973301, 0.4179063141345978, -0.024994125589728355, 0.17536991834640503, -0.3434847593307495, -0.2997983396053314, -0.0990450456738472, 0.3445112407207489, 0.059862587600946426, -0.01780669391155243, 0.34375375509262085, 0.598677933216095, -0.524433434009552, -0.918951153755188, -0.19095788896083832, -0.3931396007537842, -0.08373583853244781, -0.8458611369132996, -0.46315544843673706, 0.3599868714809418, 0.26786261796951294, -1.0381591320037842, -0.8868284821510315, -0.5468322038650513, -0.7381700873374939, -0.6658451557159424, 0.45718008279800415, -0.35599827766418457, -0.9459870457649231, 0.3353927433490753, 0.5607219934463501, 0.5792368650436401, 0.16574837267398834, 0.35075193643569946, 1.0625947713851929, 1.2145994901657104, -0.4721040725708008, 0.968122124671936, -1.5194282531738281, -1.1994128227233887, -0.8397403955459595, 0.46215805411338806, -0.38303253054618835, -0.04205065965652466, 0.24740295112133026, 0.6847608685493469, 0.2734399139881134, -0.033195916563272476, 0.06744704395532608, 0.10630471259355545, 0.30172768235206604, 1.0624535083770752, 0.270488440990448, 0.5308874845504761, 0.4622557759284973, -0.7213094830513, 0.3008403480052948, -0.5292125344276428, 0.7203787565231323, 0.7387954592704773, 1.3383479118347168, 0.6040822863578796, 0.10461936891078949, -0.5809540748596191, 0.2134806215763092, -0.9429015517234802, 0.14091958105564117, 0.3476978540420532, 0.5366320610046387, -0.5523680448532104, -0.8933802247047424, -0.030541207641363144, 0.36292532086372375, 0.8689119815826416, 0.070775106549263, 0.17781299352645874, 0.9326592683792114, 0.09956292062997818, -0.35205650329589844, -1.239214301109314, -0.059506695717573166, -0.46521368622779846, 0.21484820544719696, 0.571162760257721, -0.44845691323280334, 0.8231381773948669, -1.003748893737793, 0.34824347496032715, 0.8028838038444519, 0.03187768906354904, 0.8830110430717468, -0.7549532651901245, -1.002179741859436, 0.023283541202545166, -0.1772056668996811, 0.5567930936813354, -0.7653125524520874, 0.364460825920105, 0.059502989053726196, -0.5859912037849426, 0.35732096433639526, 0.20784343779087067, -0.6380305290222168, -0.7365734577178955, -0.9542611837387085, 0.5075463652610779, 0.3986766040325165, 0.9191083908081055, -0.6710483431816101, 0.8710278868675232, -1.0006566047668457, -0.32357385754585266, 0.38330262899398804, -0.1119624450802803, -0.15209491550922394, 0.3364972174167633, 0.2871030271053314, 0.4475918114185333, 0.6816180944442749, -0.2705414593219757, 0.30056020617485046, -0.5333852171897888, -0.4788523316383362, 0.51263427734375, 0.5784950256347656, 0.41546761989593506, 0.6865471601486206, -0.45131051540374756, -0.40010151267051697, -0.16200506687164307, 