{"text": "{\"train\": [{\"input\": [[4, 4, 4, 4, 4, 4, 4, 4, 1, 7, 7, 7, 1], [4, 1, 1, 7, 7, 7, 1, 4, 1, 4, 4, 4, 4], [4, 1, 1, 1, 1, 1, 1, 4, 1, 4, 1, 1, 4], [4, 1, 1, 1, 1, 1, 1, 4, 1, 4, 1, 1, 4], [4, 1, 1, 1, 1", "embedding": [-1.2428456544876099, 0.3103240430355072, -3.2076265811920166, -1.7862056493759155, 0.985577404499054, -1.4644322395324707, 0.9550153017044067, 0.8887272477149963, -1.6840014457702637, -1.4113972187042236, -1.5651183128356934, 1.3512018918991089, 0.5714990496635437, 0.706865131855011, 0.3572625517845154, 0.39789462089538574, 1.0836702585220337, -1.068088173866272, 0.9184663891792297, 0.42878589034080505, 0.23851293325424194, 0.12436863034963608, 0.7409140467643738, -0.1257093846797943, 1.3494327068328857, 0.3346404433250427, -0.9952347278594971, 0.05672465264797211, -1.4198092222213745, 0.18513020873069763, 0.1234176903963089, -0.735515832901001, 0.5784997344017029, -0.8904896974563599, -1.455494999885559, -0.32487040758132935, 1.104936957359314, -0.5257686972618103, 0.3121446967124939, 0.543615460395813, 1.2950539588928223, -0.484700083732605, -0.8561913967132568, 0.03548165783286095, 0.2643665075302124, -1.1286766529083252, 1.4937399625778198, 0.10731478035449982, -0.11987057328224182, -0.8020749688148499, -0.5087506771087646, 0.05651633441448212, -0.9822371602058411, -1.5738654136657715, 1.3282999992370605, 1.0895342826843262, -1.1529784202575684, 0.281488299369812, 0.6076818108558655, -0.31688618659973145, 0.3300279378890991, 0.3527229428291321, -1.1713799238204956, 1.2635271549224854, 0.8525304198265076, 0.3085794150829315, -0.23831434547901154, 1.150168776512146, -0.5782801508903503, 0.3480013906955719, 0.884233832359314, 0.07423938810825348, -0.12150733172893524, -0.30209192633628845, -0.08669231086969376, 0.2014830857515335, -0.19002078473567963, 0.42787253856658936, -1.027289867401123, -0.3191559612751007, 0.313338041305542, -0.8550059795379639, 0.1255830079317093, -0.11261618882417679, 0.7311106324195862, -0.9704338312149048, -0.3493622839450836, -1.1091512441635132, -1.5227447748184204, 0.8001607656478882, 0.5674620270729065, 0.21128590404987335, 0.811705470085144, 0.35495105385780334, 0.03635137155652046, -0.42624711990356445, -0.5377585887908936, -0.6319538950920105, 1.09598708152771, -0.9079299569129944, -0.26818087697029114, -0.24959076941013336, -0.6591663956642151, -1.6552749872207642, 0.6769216060638428, 0.4623444378376007, 0.8894271850585938, -0.33898040652275085, -0.25426703691482544, -1.4471098184585571, -0.8039746880531311, -0.20262503623962402, -0.09615542739629745, -0.44159674644470215, -0.1494932770729065, -0.6730406880378723, -0.1410633623600006, -1.0062330961227417, -0.5531065464019775, 0.33587756752967834, -0.11911309510469437, -0.2334524244070053, -1.4231630563735962, -0.11889227479696274, 0.752746045589447, 0.3955906629562378, -0.18507836759090424, 1.1830801963806152, 0.1295301765203476, -0.19749510288238525, 0.4629335105419159, -0.012623007409274578, -0.8743894100189209, 0.23891690373420715, 0.8585094213485718, 0.8854352235794067, -1.295465111732483, -1.4266709089279175, 0.7733479738235474, -0.17047113180160522, 0.843899667263031, 0.33752888441085815, -1.0824577808380127, -1.5013259649276733, 0.3645615577697754, -0.33934810757637024, 0.016164546832442284, -0.21286676824092865, -1.0269064903259277, -0.4189126789569855, 0.3098258972167969, 0.5857594013214111, 0.056062955409288406, 1.0151703357696533, 1.019278645515442, -0.09606662392616272, 1.7525901794433594, -0.07781698554754257, 0.19445575773715973, 0.7624444365501404, 1.5344836711883545, -1.3572410345077515, -1.0349451303482056, 1.1738659143447876, -0.16911323368549347, -0.40459561347961426, 0.25724276900291443, 0.564251184463501, 0.5798333883285522, 1.5619007349014282, -1.0952436923980713, -0.8852131366729736, -0.8712087869644165, -0.19989708065986633, -1.106637716293335, 1.1583449840545654, 1.507033348083496, -0.5114661455154419, 0.3982400894165039, -0.7852100729942322, 1.1885347366333008, -1.2257386445999146, 1.5408947467803955, -0.4869869351387024, 0.05342034995555878, -0.39680179953575134, -0.9065409898757935, -0.34092405438423157, -0.5141949653625488, -1.0463292598724365, -0.728876531124115, 0.13676980137825012, -1.135148286819458, -0.1912756711244583, -0.702394962310791, -0.9299284219741821, 0.818787157535553, -0.999096155166626, 0.3458641469478607, -0.8585491180419922, -0.14142610132694244, -0.5975104570388794, -0.060454513877630234, 0.3555324375629425, -0.6345157027244568, -1.0351799726486206, 0.224294051527977, 1.154244303703308, -0.8204227089881897, 0.8148108124732971, 0.9919979572296143, 0.9226691126823425, 1.223207950592041, 0.8677461743354797, -0.4130244851112366, -1.325438380241394, 0.8856427073478699, -1.1250872611999512, 0.9047279357910156, 0.4369942843914032, 0.8769360184669495, -0.4243553578853607, 0.819758415222168, 0.19685083627700806, 0.00142490747384727, -0.24113506078720093, -0.00532538490369916, -0.18308421969413757, -1.2566436529159546, 0.19036732614040375, -0.26723188161849976, -0.4402611255645752, 1.0434881448745728, 0.029741477221250534, 0.4013538956642151, -0.022495858371257782, 0.0018659766064956784, 1.3357564210891724, -1.1741917133331299, 0.013214664533734322, 0.17646923661231995, 0.816571831703186, -0.6626169681549072, -0.4986002445220947, -0.8373289704322815, 0.061176083981990814, -0.44576409459114075, -0.11337397247552872, 0.7229666113853455, 0.5372187495231628, -0.2568930685520172, 0.6837153434753418, 0.8606828451156616, 1.401955485343933, 0.4112771153450012, -2.0199568271636963, -0.37910857796669006, -0.3548497259616852, 0.017253704369068146, -1.013159990310669, 0.48728063702583313, 0.44260039925575256, -0.07592787593603134, -0.04894019663333893, -0.9233499765396118, -1.710692048072815, 0.6069318056106567, -0.05510857328772545, 0.5279766917228699, -0.4459056854248047, -1.5479276180267334, -0.23880800604820251, 0.8127406239509583, 0.585961639881134, 0.03674750030040741, 0.589755117893219, -0.012699983082711697, 0.4028337001800537, 0.21308748424053192, 0.8402343392372131, 0.5607618689537048, -0.4242803752422333, -0.8466408848762512, -0.4052048623561859, 0.36771273612976074, -0.9828270673751831, 0.6934224963188171, 0.014367923140525818, 0.6014752984046936, 0.005403169896453619, 0.6215135455131531, 1.1838037967681885, 1.2126544713974, 0.5676459670066833, 0.15217790007591248, 0.37205827236175537, 0.2448192983865738, 0.30574512481689453, 0.007463996298611164, 0.381521612405777, -1.0564390420913696, 0.34972336888313293, 0.7680277824401855, -0.2539535462856293, -0.7120023965835571, -0.2801331877708435, 0.5662842392921448, -0.015176162123680115, 0.09493406862020493, 0.11142882704734802, 0.154570534825325, -0.11767616868019104, -0.7472591400146484, 0.007092287763953209, -0.22881092131137848, 0.5367494821548462, 0.4244711995124817, 0.4202258884906769, 0.7407287359237671, -0.0871332511305809, 0.4151870310306549, -0.9835835695266724, -0.40068355202674866, -0.6135000586509705, -0.7142118215560913, 1.0407299995422363, 0.5183007717132568, -0.05831814929842949, 0.4063889682292938, 0.24589115381240845, 1.3962563276290894, 1.1965070962905884, 0.40795454382896423, -0.6343728303909302, -0.018023574724793434, -0.05722378194332123, -0.12591443955898285, -0.3059605360031128, -0.5316277146339417, 0.46712660789489746, -1.179321527481079, 0.006559696979820728, 0.4055848717689514, -0.23518683016300201, 0.030951082706451416, -0.00751097034662962, 0.05928797647356987, -0.6877945065498352, 0.6165460348129272, 0.2187548726797104, -0.2038905769586563, 0.9136749505996704, 0.9721944332122803, -0.16433125734329224, 0.6888009309768677, -0.005448221229016781, -0.24790243804454803, -0.029720697551965714, 0.23119403421878815, 1.0165796279907227, 0.16721931099891663, 0.44502440094947815, -0.30865442752838135, 0.4733577370643616, 0.029473837465047836, 0.32070064544677734, 1.1394126415252686, 0.555152177810669, 0.6205178499221802, -0.11914335191249847, 0.4657444357872009, 0.16591401398181915, -0.039716821163892746, -0.2907331883907318, 