{"text": "{\n  \"id\": \"bd26a1ca-38c4-4654-b377-bdaf5ab87cc9\",\n  \"agentId\": \"main\",\n  \"sessionKey\": \"agent:main:telegram:direct:5597932516\",\n  \"name\": \"meeseeks-auto-entomb\",\n  \"enabled\": true,\n  \"createdAtMs\": 17", "embedding": [-0.6708094477653503, 0.01244780607521534, -3.0560030937194824, -0.26018330454826355, 1.2886276245117188, -1.378939151763916, -0.807161271572113, -0.0297038946300745, 1.0169031620025635, -0.6495077610015869, -1.8788068294525146, 1.0297257900238037, 0.7520496249198914, -0.8030459880828857, 0.33315205574035645, -0.15780773758888245, -0.19675308465957642, -1.5483454465866089, 0.303693026304245, 0.5497578978538513, 0.5787463188171387, 0.5318465828895569, 0.1943938434123993, -0.5005218982696533, 1.7065874338150024, 0.8576740026473999, 1.1470085382461548, 0.3996620774269104, -0.17468853294849396, -0.09452830255031586, 0.018256744369864464, -0.3485467731952667, -0.7005967497825623, -0.3845709562301636, -1.0086498260498047, -0.3864118158817291, -0.08823349326848984, -0.1222662404179573, -0.15006475150585175, 0.4895486831665039, 1.4159986972808838, 0.06011008098721504, 0.02185080572962761, -1.0168944597244263, -0.35301709175109863, -0.23787911236286163, 0.8468694090843201, -0.06687416881322861, 0.5037879943847656, -1.188987374305725, 1.0937243700027466, 0.12098795175552368, -0.023259704932570457, -0.722913920879364, 1.7294005155563354, -0.011327080428600311, -1.472894549369812, -0.40643051266670227, 0.6262157559394836, -0.6335507035255432, 1.3003870248794556, 0.3268517851829529, 0.20172616839408875, 0.96555095911026, 0.7021429538726807, -0.06658629328012466, -1.0911660194396973, 2.0344152450561523, -0.16197246313095093, -0.6411314606666565, 0.4090650975704193, -0.27277714014053345, -0.009342940524220467, -0.25480878353118896, 0.36839553713798523, 0.6936066150665283, -0.7251507639884949, -0.6200640797615051, 0.0011832317104563117, 0.6324998140335083, 0.14246462285518646, -0.40762120485305786, 0.6199231147766113, -0.7497478723526001, 0.813018798828125, -0.18092992901802063, -1.3433442115783691, -0.8166356086730957, -1.2737610340118408, 1.3484561443328857, -0.3145832419395447, 0.6377561688423157, -0.6732124090194702, 0.1976093053817749, -0.23157718777656555, 0.5161276459693909, -0.6085519790649414, 0.6887896656990051, -0.6898938417434692, 0.14606745541095734, -0.6615436673164368, 0.13226403295993805, 0.04563535749912262, -0.8222682476043701, -0.4968889653682709, 1.0527867078781128, -0.5250897407531738, -0.8369035720825195, 0.4554195702075958, -0.27871742844581604, 0.04128420352935791, 0.33188262581825256, -0.3598535358905792, 0.13571994006633759, 1.4066553115844727, 0.21552406251430511, 0.5902621746063232, -0.40653908252716064, -0.6334800124168396, 0.36852705478668213, 0.10850037634372711, -0.9832141399383545, -0.2272912561893463, 1.231842279434204, -0.00816459022462368, 0.3666023910045624, -0.07870543003082275, 0.7281959652900696, 0.5080901384353638, -0.124455027282238, 0.1922035664319992, -0.27833548188209534, -0.08569007366895676, 0.11116848886013031, 0.07719071209430695, 0.54459547996521, -1.4221434593200684, -0.668442964553833, 0.31399187445640564, 0.09850704669952393, -0.5429531335830688, 0.3879321813583374, 0.10220558941364288, 0.3272222876548767, -0.04980066418647766, -0.2512511909008026, 0.5820019245147705, -0.2233617901802063, -0.6921080946922302, 0.9024643898010254, 0.028343232348561287, 0.17826256155967712, -0.3874368667602539, -0.3854380249977112, 0.6875054836273193, 0.4007898271083832, 0.18262657523155212, 0.06576700508594513, 0.19491071999073029, 0.9979843497276306, 0.499883770942688, 0.5380687713623047, -0.9740235209465027, 0.5723682641983032, -0.039164602756500244, 0.0004490876162890345, 0.14002905786037445, 1.158858299255371, -0.11113904416561127, 0.5891509652137756, -0.9058545231819153, -0.7592196464538574, -0.31670495867729187, 0.3079273998737335, -0.8397367596626282, -0.3760559856891632, -0.11783459782600403, -0.42266175150871277, 1.0625256299972534, -0.5014472603797913, 1.2935352325439453, -0.9326742887496948, 0.899265468120575, 0.1873825341463089, -1.3785580396652222, -0.23532581329345703, -0.7225748300552368, -1.2890959978103638, -0.20266090333461761, -0.54405677318573, 0.25735846161842346, -0.6298354268074036, -0.30133339762687683, -0.3493816554546356, -0.587597668170929, -0.6693655848503113, 0.3311208188533783, -0.17209725081920624, 0.30292272567749023, -1.180036187171936, -0.578167200088501, -0.18038034439086914, 0.029172422364354134, 0.4895015358924866, -0.4720743000507355, -0.40434250235557556, -0.043138861656188965, 0.6742442846298218, -0.5311449766159058, 1.173712968826294, 1.1438922882080078, 0.06322266161441803, -1.3129122257232666, 0.26576268672943115, 0.2554745078086853, -0.17534753680229187, 0.3020628094673157, -0.9471099972724915, -0.6228429079055786, -0.25415366888046265, 0.03664465248584747, -0.44056257605552673, 0.4001592993736267, -0.2744474709033966, -0.048249080777168274, 0.38058406114578247, -0.43076232075691223, 0.5675029158592224, -0.9113759994506836, -0.2807476222515106, 0.3700098991394043, -0.6399953961372375, 0.9453468918800354, 0.20019108057022095, -0.6442959308624268, 0.8073633313179016, -0.8482269048690796, 2.0851757526397705, -0.8444828391075134, -0.11996252834796906, -0.025931525975465775, 0.5356729030609131, -1.5821058750152588, 0.5539672374725342, -1.362108826637268, 0.4641801714897156, -0.29366829991340637, -0.6990517377853394, -0.10395549237728119, 0.992702841758728, -0.5388089418411255, 0.3093721866607666, 0.08840718120336533, 1.4483888149261475, 1.1097674369812012, -1.4609869718551636, -0.4598926901817322, 0.17897263169288635, -0.045273978263139725, 0.29828646779060364, 0.16736075282096863, -0.013924211263656616, 0.486702561378479, -0.8180237412452698, -0.4286128878593445, -1.2830250263214111, -0.9163048267364502, 0.3527882695198059, 0.5633929371833801, 0.6671906113624573, 0.2830828130245209, 1.0933187007904053, 0.19231317937374115, 1.134326457977295, -0.06451883167028427, 0.4164994955062866, 1.0422561168670654, 0.2298489511013031, -0.6320010423660278, 0.4793744683265686, -0.9242866635322571, -0.2496294528245926, -0.33412033319473267, 0.418197900056839, -0.09257792681455612, -0.41555365920066833, -0.04433529078960419, 0.3856656849384308, 0.3995254933834076, 0.15788932144641876, 1.8824882507324219, 0.3557595908641815, -0.8672549724578857, 2.1407382488250732, -0.2103128433227539, 0.02171494998037815, 0.8113074898719788, -0.2354857623577118, -0.23761868476867676, -0.11369525641202927, 0.49757203459739685, -0.07484631985425949, 0.8268337249755859, -0.1187887042760849, -0.10232596099376678, -0.5436721444129944, -0.5524667501449585, 0.1912604421377182, -0.004901798442006111, -0.22631850838661194, 0.11265159398317337, -0.2076798528432846, -0.42073604464530945, 0.23323743045330048, -0.5955494046211243, 0.7454581260681152, 0.1725008338689804, 0.4158976674079895, 0.35244888067245483, 0.19427946209907532, 0.24845536053180695, -0.4837077260017395, -0.027437783777713776, -0.03389747068285942, 0.7143383026123047, 0.3961034119129181, -0.28151899576187134, 0.9695889353752136, -0.40157032012939453, -3.3438525406381814e-06, 0.3978555202484131, -0.38607317209243774, 0.6041783690452576, -0.6778790950775146, -0.8370985984802246, -0.3538946509361267, -0.08513034880161285, 0.7902807593345642, -0.5026481747627258, 1.1658858060836792, 0.6751577854156494, -0.33729287981987, -0.23796547949314117, -0.4119545519351959, -0.45669302344322205, 0.049141887575387955, -0.22397053241729736, -0.3857515752315521, 0.5906288027763367, 0.590212881565094, -0.649035632610321, 1.2501152753829956, -0.3125700056552887, 0.17081397771835327, 0.3229285776615143, -0.1415722519159317, 0.06852644681930542, -0.18003268539905548, -0.3119276463985443, 0.5193608999252319, 0.663583517074585, 0.3870091438293457, -0.37462493777275085, 0.4450051188468933, 0.40503206849098206, 0.2893008887767792, -0.09403249621391296, -0.16548243165016174, 1.7997760772705078, 0.9124948978424072, -1.2088727951049805, 